-- phpMyAdmin SQL Dump
-- version 4.0.10.14
-- http://www.phpmyadmin.net
--
-- Host: localhost:3306
-- Generation Time: Aug 09, 2016 at 07:13 AM
-- Server version: 5.6.30
-- PHP Version: 5.4.31

SET SQL_MODE = "NO_AUTO_VALUE_ON_ZERO";
SET time_zone = "+00:00";


/*!40101 SET @OLD_CHARACTER_SET_CLIENT=@@CHARACTER_SET_CLIENT */;
/*!40101 SET @OLD_CHARACTER_SET_RESULTS=@@CHARACTER_SET_RESULTS */;
/*!40101 SET @OLD_COLLATION_CONNECTION=@@COLLATION_CONNECTION */;
/*!40101 SET NAMES utf8 */;

--
-- Database: `mycourie_buddy`
--

-- --------------------------------------------------------

--
-- Table structure for table `cms_airlineinfo`
--

CREATE TABLE IF NOT EXISTS `cms_airlineinfo` (
  `id` int(11) NOT NULL AUTO_INCREMENT,
  `name` varchar(500) DEFAULT NULL,
  `code` varchar(50) DEFAULT NULL,
  `link` varchar(10000) DEFAULT NULL,
  PRIMARY KEY (`id`)
) ENGINE=MyISAM  DEFAULT CHARSET=latin1 AUTO_INCREMENT=13 ;

--
-- Dumping data for table `cms_airlineinfo`
--

INSERT INTO `cms_airlineinfo` (`id`, `name`, `code`, `link`) VALUES
(1, 'AirIndia', 'AI', 'https://book.airindia.in/itd/itd/lang/en/reservations'),
(2, 'AirAsia India', 'I5', 'https://checkin.airasia.com/'),
(3, 'Air Costa', 'LB', 'http://www.aircosta.in/ebooking/Booking/Retrieve-Booking.aspx'),
(4, 'Air India', 'IX', 'Express	http://www.airindiaexpress.in/canmod.aspx'),
(5, 'Air Odisha', 'AO', 'http://www.airodisha.com/MyBooking.aspx'),
(6, 'Air Pegasus', 'OP', 'https://www.flypgs.com/en/manage-my-booking'),
(7, 'GoAir', 'G8', 'https://www.goair.in/manage/manage-booking'),
(8, 'IndiGo', '6E', 'https://www.goindigo.in/#viewChangeBookingTab'),
(9, 'Jet Airways', '9W', 'https://https.jetairways.com/en/in/planyourtravel/manage-booking.aspx'),
(10, 'SpiceJet', 'SG', 'http://book.spicejet.com/retrieveBooking.aspx'),
(11, 'TruJet', '2T', 'http://www.trujet.com/ebooking/Trip/Retrieve-Booking'),
(12, 'Vistara', 'UK', 'https://www.airvistara.com/trip/');

-- --------------------------------------------------------

--
-- Table structure for table `cms_airports`
--

CREATE TABLE IF NOT EXISTS `cms_airports` (
  `id` int(11) NOT NULL AUTO_INCREMENT,
  `location` varchar(255) NOT NULL,
  `type` enum('D','I','B') NOT NULL DEFAULT 'D',
  `zone` varchar(20) NOT NULL,
  `status` enum('Y','N') NOT NULL DEFAULT 'Y',
  `created` timestamp NOT NULL DEFAULT CURRENT_TIMESTAMP ON UPDATE CURRENT_TIMESTAMP,
  `zonelistid` int(11) DEFAULT NULL,
  `code` varchar(20) DEFAULT NULL,
  PRIMARY KEY (`id`)
) ENGINE=InnoDB  DEFAULT CHARSET=latin1 AUTO_INCREMENT=256 ;

--
-- Dumping data for table `cms_airports`
--

INSERT INTO `cms_airports` (`id`, `location`, `type`, `zone`, `status`, `created`, `zonelistid`, `code`) VALUES
(1, 'Donakonda', 'D', '5.5', 'Y', '2016-07-05 14:36:21', 1, 'Don'),
(2, 'Kadapa', 'D', '5.5', 'Y', '2016-07-05 14:36:21', 1, 'Kad'),
(3, 'Puttaparthi', 'D', '5.5', 'Y', '2016-07-05 14:36:21', 1, 'Put'),
(4, 'Rajahmundry', 'D', '5.5', 'Y', '2016-07-05 14:36:21', 1, 'Raj'),
(5, 'Tirupati', 'D', '5.5', 'Y', '2016-07-05 14:36:21', 1, 'Tir'),
(6, 'Vijayawada', 'D', '5.5', 'Y', '2016-07-05 14:36:21', 1, 'Vij'),
(7, 'Visakhapatnam', 'B', '5.5', 'Y', '2016-07-05 14:36:21', 1, 'Vis'),
(8, 'Nagarjuna Sagar', 'D', '5.5', 'Y', '2016-07-05 14:36:21', 1, 'Nag'),
(9, 'Nellore', 'I', '5.5', 'Y', '2016-07-05 14:36:21', 1, 'Nel'),
(10, 'Srikakulam', 'D', '5.5', 'Y', '2016-07-05 14:36:21', 1, 'Sri'),
(11, 'Kurnool', 'D', '5.5', 'Y', '2016-07-05 14:36:21', 1, 'Kur'),
(12, 'Along', 'D', '5.5', 'Y', '2016-07-05 14:36:21', 1, 'Alo'),
(13, 'Daporijo', 'D', '5.5', 'Y', '2016-07-05 14:36:21', 1, 'Dap'),
(14, 'Itanagar', 'D', '5.5', 'Y', '2016-07-05 14:36:21', 1, 'Ita'),
(15, 'Pasighat', 'D', '5.5', 'Y', '2016-07-05 14:36:21', 1, 'Pas'),
(16, 'Tezu', 'D', '5.5', 'Y', '2016-07-05 14:36:21', 1, 'Tez'),
(17, 'Ziro', 'D', '5.5', 'Y', '2016-07-05 14:36:21', 1, 'Zir'),
(18, 'Chabua', 'D', '5.5', 'Y', '2016-07-05 14:36:21', 1, 'Cha'),
(19, 'Dibrugarh', 'D', '5.5', 'Y', '2016-07-05 14:36:21', 1, 'Dib'),
(20, 'Doom Dooma', 'D', '5.5', 'Y', '2016-07-05 14:36:21', 1, 'Doo'),
(21, 'Guwahati', 'I', '5.5', 'Y', '2016-07-05 14:36:21', 1, 'Guw'),
(22, 'Jorhat', 'D', '5.5', 'Y', '2016-07-05 14:36:21', 1, 'Jor'),
(23, 'North Lakhimpur', 'D', '5.5', 'Y', '2016-07-05 14:36:21', 1, 'Nor'),
(24, 'Dhubri', 'D', '5.5', 'Y', '2016-07-05 14:36:21', 1, 'Dhu'),
(25, 'Shella', 'D', '5.5', 'Y', '2016-07-05 14:36:21', 1, 'She'),
(26, 'Silchar', 'D', '5.5', 'Y', '2016-07-05 14:36:21', 1, 'Sil'),
(27, 'Tezpur', 'D', '5.5', 'Y', '2016-07-05 14:36:21', 1, 'Tez'),
(28, 'Darbhanga', 'D', '5.5', 'Y', '2016-07-05 14:36:21', 1, 'Dar'),
(29, 'gaya', 'D', '5.5', 'Y', '2016-07-05 14:36:21', 1, 'gay'),
(30, 'Jogbani', 'D', '5.5', 'Y', '2016-07-05 14:36:21', 1, 'Jog'),
(31, 'Munger', 'D', '5.5', 'Y', '2016-07-05 14:36:21', 1, 'Mun'),
(32, 'Muzaffarpur', 'D', '5.5', 'Y', '2016-07-05 14:36:21', 1, 'Muz'),
(33, 'Patna', 'D', '5.5', 'Y', '2016-07-05 14:36:21', 1, 'Pat'),
(34, 'Purnea', 'D', '5.5', 'Y', '2016-07-05 14:36:21', 1, 'Pur'),
(35, 'Raxaul', 'D', '5.5', 'Y', '2016-07-05 14:36:21', 1, 'Rax'),
(36, 'Bilaspur', 'D', '5.5', 'Y', '2016-07-05 14:36:21', 1, 'Bil'),
(37, 'Raigarh', 'B', '5.5', 'Y', '2016-07-05 14:36:21', 1, 'Rai'),
(38, 'Jagdalpur', 'D', '5.5', 'Y', '2016-07-05 14:36:21', 1, 'Jag'),
(39, 'Raipur', 'D', '5.5', 'Y', '2016-07-05 14:36:21', 1, 'Rai'),
(40, 'Diu', 'D', '5.5', 'Y', '2016-07-05 14:36:21', 1, 'Diu'),
(41, 'Daman', 'D', '5.5', 'Y', '2016-07-05 14:36:21', 1, 'Dam'),
(42, 'New Delhi', 'I', '5.5', 'Y', '2016-07-05 14:36:21', 1, 'New'),
(43, 'Safdarjung', 'D', '5.5', 'Y', '2016-07-05 14:36:21', 1, 'Saf'),
(44, 'Goa', 'D', '5.5', 'Y', '2016-07-05 14:36:21', 1, 'Goa'),
(45, 'Ahmedabad', 'I', '5.5', 'Y', '2016-07-05 14:36:21', 1, 'Ahm'),
(46, 'Fedara', 'D', '5.5', 'Y', '2016-07-05 14:36:21', 1, 'Fed'),
(47, 'Vadodara', 'D', '5.5', 'Y', '2016-07-05 14:36:21', 1, 'Vad'),
(48, 'Kandla', 'D', '5.5', 'Y', '2016-07-05 14:36:21', 1, 'Kan'),
(49, 'Bhuj', 'D', '5.5', 'Y', '2016-07-05 14:36:21', 1, 'Bhu'),
(50, 'Palanpur', 'D', '5.5', 'Y', '2016-07-05 14:36:21', 1, 'Pal'),
(51, 'Bhavnagar', 'D', '5.5', 'Y', '2016-07-05 14:36:21', 1, 'Bha'),
(52, 'Jamnagar', 'D', '5.5', 'Y', '2016-07-05 14:36:21', 1, 'Jam'),
(53, 'Keshod', 'D', '5.5', 'Y', '2016-07-05 14:36:21', 1, 'Kes'),
(54, 'Porbandar', 'D', '5.5', 'Y', '2016-07-05 14:36:21', 1, 'Por'),
(55, 'Rajkot', 'D', '5.5', 'Y', '2016-07-05 14:36:21', 1, 'Raj'),
(56, 'Surat', 'D', '5.5', 'Y', '2016-07-05 14:36:21', 1, 'Sur'),
(57, 'Mehsana', 'D', '5.5', 'Y', '2016-07-05 14:36:21', 1, 'Meh'),
(58, 'Hisar', 'D', '5.5', 'Y', '2016-07-05 14:36:21', 1, 'His'),
(59, 'Karnal', 'D', '5.5', 'Y', '2016-07-05 14:36:21', 1, 'Kar'),
(60, 'Kangra', 'D', '5.5', 'Y', '2016-07-05 14:36:21', 1, 'Kan'),
(61, 'Shimla', 'D', '5.5', 'Y', '2016-07-05 14:36:21', 1, 'Shi'),
(62, 'Kullu', 'D', '5.5', 'Y', '2016-07-05 14:36:21', 1, 'Kul'),
(63, 'Jammu', 'D', '5.5', 'Y', '2016-07-05 14:36:21', 1, 'Jam'),
(65, 'Leh', 'D', '5.5', 'Y', '2016-07-05 14:36:21', 1, 'Leh'),
(66, 'Srinagar', 'D', '5.5', 'Y', '2016-07-05 14:36:21', 1, 'Sri'),
(67, 'Chakulia', 'D', '5.5', 'Y', '2016-07-05 14:36:21', 1, 'Cha'),
(68, 'Deoghar', 'D', '5.5', 'Y', '2016-07-05 14:36:21', 1, 'Deo'),
(69, 'Ranchi', 'D', '5.5', 'Y', '2016-07-05 14:36:21', 1, 'Ran'),
(70, 'Dhanbad', 'D', '5.5', 'Y', '2016-07-05 14:36:21', 1, 'Dha'),
(71, 'Bokaro', 'D', '5.5', 'Y', '2016-07-05 14:36:21', 1, 'Bok'),
(72, 'Jamshedpur', 'D', '5.5', 'Y', '2016-07-05 14:36:21', 1, 'Jam'),
(73, 'Bengaluru', 'B', '5.5', 'Y', '2016-07-05 14:36:21', 1, 'Ben'),
(74, 'Belgaum', 'D', '5.5', 'N', '2016-07-05 14:36:21', 1, 'Bel'),
(75, 'Bellary', 'D', '5.5', 'Y', '2016-07-05 14:36:21', 1, 'Bel'),
(76, 'Bijapur', 'D', '5.5', 'Y', '2016-07-05 14:36:21', 1, 'Bij'),
(77, 'Karwar', 'D', '5.5', 'Y', '2016-07-05 14:36:21', 1, 'Kar'),
(78, 'Shimoga', 'D', '5.5', 'Y', '2016-07-05 14:36:21', 1, 'Shi'),
(79, 'Gulbarga', 'D', '5.5', 'Y', '2016-07-05 14:36:21', 1, 'Gul'),
(80, 'Hassan', 'D', '5.5', 'Y', '2016-07-05 14:36:21', 1, 'Has'),
(81, 'Bidar', 'D', '5.5', 'Y', '2016-07-05 14:36:21', 1, 'Bid'),
(82, 'Hubli', 'D', '5.5', 'Y', '2016-07-05 14:36:21', 1, 'Hub'),
(83, 'Mangalore', 'I', '5.5', 'Y', '2016-07-05 14:36:21', 1, 'Man'),
(84, 'Mysore', 'D', '5.5', 'Y', '2016-07-05 14:36:21', 1, 'Mys'),
(85, 'Toranagallu', 'D', '5.5', 'Y', '2016-07-05 14:36:21', 1, 'Tor'),
(86, 'Kannur', 'I', '5.5', 'Y', '2016-07-05 14:36:21', 1, 'Kan'),
(87, 'Kochi', 'B', '5.5', 'Y', '2016-07-05 14:36:21', 1, 'Koc'),
(88, 'Kollam', 'D', '5.5', 'Y', '2016-07-05 14:36:21', 1, 'Kol'),
(89, 'Kozhikode', 'I', '5.5', 'Y', '2016-07-05 14:36:21', 1, 'Koz'),
(90, 'Thiruvananthapuram', 'I', '5.5', 'Y', '2016-07-05 14:36:21', 1, 'Thi'),
(91, 'Agatti', 'D', '5.5', 'Y', '2016-07-05 14:36:21', 1, 'Aga'),
(92, 'Bhopal', 'I', '5.5', 'Y', '2016-07-05 14:36:21', 1, 'Bho'),
(93, 'Gwalior', 'D', '5.5', 'Y', '2016-07-05 14:36:21', 1, 'Gwa'),
(94, 'Indore', 'D', '5.5', 'Y', '2016-07-05 14:36:21', 1, 'Ind'),
(95, 'Jabalpur', 'D', '5.5', 'Y', '2016-07-05 14:36:21', 1, 'Jab'),
(96, 'Khajuraho', 'D', '5.5', 'Y', '2016-07-05 14:36:21', 1, 'Kha'),
(98, 'Akola', 'D', '5.5', 'Y', '2016-07-05 14:36:21', 1, 'Ako'),
(99, 'Amravati', 'D', '5.5', 'Y', '2016-07-05 14:36:21', 1, 'Amr'),
(100, 'Aurangabad', 'D', '5.5', 'Y', '2016-07-05 14:36:21', 1, 'Aur'),
(101, 'Baramati', 'D', '5.5', 'Y', '2016-07-05 14:36:21', 1, 'Bar'),
(102, 'Chandrapur', 'D', '5.5', 'Y', '2016-07-05 14:36:21', 1, 'Cha'),
(103, 'Dhule', 'D', '5.5', 'Y', '2016-07-05 14:36:21', 1, 'Dhu'),
(104, 'Gondia', 'D', '5.5', 'Y', '2016-07-05 14:36:21', 1, 'Gon'),
(105, 'Jalgaon', 'D', '5.5', 'Y', '2016-07-05 14:36:21', 1, 'Jal'),
(106, 'Kalyan', 'D', '5.5', 'Y', '2016-07-05 14:36:21', 1, 'Kal'),
(108, 'Kolhapur', 'D', '5.5', 'Y', '2016-07-05 14:36:21', 1, 'Kol'),
(109, 'Latur', 'D', '5.5', 'Y', '2016-07-05 14:36:21', 1, 'Lat'),
(110, 'Mumbai', 'B', '5.5', 'Y', '2016-07-05 14:36:21', 1, 'Mum'),
(111, 'Navi Mumbai', 'I', '5.5', 'Y', '2016-07-05 14:36:21', 1, 'Nav'),
(112, 'Nagpur', 'I', '5.5', 'Y', '2016-07-05 14:36:21', 1, 'Nag'),
(113, 'Nanded', 'D', '5.5', 'Y', '2016-07-05 14:36:21', 1, 'Nan'),
(114, 'Nashik', 'B', '5.5', 'Y', '2016-07-05 14:36:21', 1, 'Nas'),
(115, 'Osmanabad', 'D', '5.5', 'Y', '2016-07-05 14:36:21', 1, 'Osm'),
(116, 'Phaltan', 'D', '5.5', 'Y', '2016-07-05 14:36:21', 1, 'Pha'),
(117, 'Pune', 'I', '5.5', 'Y', '2016-07-05 14:36:21', 1, 'Pun'),
(118, 'Ratnagiri', 'D', '5.5', 'Y', '2016-07-05 14:36:21', 1, 'Rat'),
(119, 'Shirdi', 'D', '5.5', 'Y', '2016-07-05 14:36:21', 1, 'Shi'),
(120, 'Shirpur', 'D', '5.5', 'Y', '2016-07-05 14:36:21', 1, 'Shi'),
(121, 'Sindhudurg', 'D', '5.5', 'Y', '2016-07-05 14:36:21', 1, 'Sin'),
(122, 'Solapur', 'D', '5.5', 'Y', '2016-07-05 14:36:21', 1, 'Sol'),
(123, 'Yavatmal', 'D', '5.5', 'Y', '2016-07-05 14:36:21', 1, 'Yav'),
(124, 'Imphal', 'D', '5.5', 'Y', '2016-07-05 14:36:21', 1, 'Imp'),
(125, 'Shillong', 'D', '5.5', 'Y', '2016-07-05 14:36:21', 1, 'Shi'),
(126, 'Tura', 'D', '5.5', 'Y', '2016-07-05 14:36:21', 1, 'Tur'),
(127, 'Aizawl', 'D', '5.5', 'Y', '2016-07-05 14:36:21', 1, 'Aiz'),
(128, 'Dimapur', 'D', '5.5', 'Y', '2016-07-05 14:36:21', 1, 'Dim'),
(129, 'Angul', 'D', '5.5', 'Y', '2016-07-05 14:36:21', 1, 'Ang'),
(130, 'Balasore', 'D', '5.5', 'Y', '2016-07-05 14:36:21', 1, 'Bal'),
(131, 'Barbil', 'D', '5.5', 'Y', '2016-07-05 14:36:21', 1, 'Bar'),
(132, 'Bhubaneswar', 'I', '5.5', 'Y', '2016-07-05 14:36:21', 1, 'Bhu'),
(133, 'Brahmapur', 'I', '5.5', 'Y', '2016-07-05 14:36:21', 1, 'Bra'),
(134, 'Cuttack', 'D', '5.5', 'Y', '2016-07-05 14:36:21', 1, 'Cut'),
(135, 'Hirakud/Sambalpur', 'D', '5.5', 'Y', '2016-07-05 14:36:21', 1, 'Hir'),
(136, 'Jajpur', 'D', '5.5', 'Y', '2016-07-05 14:36:21', 1, 'Jaj'),
(137, 'Jeypore', 'D', '5.5', 'Y', '2016-07-05 14:36:21', 1, 'Jey'),
(138, 'Jharsuguda', 'D', '5.5', 'Y', '2016-07-05 14:36:21', 1, 'Jha'),
(139, 'Kendujhar', 'D', '5.5', 'Y', '2016-07-05 14:36:21', 1, 'Ken'),
(140, 'Lanjigarh', 'D', '5.5', 'Y', '2016-07-05 14:36:21', 1, 'Lan'),
(141, 'Phulbani', 'D', '5.5', 'Y', '2016-07-05 14:36:21', 1, 'Phu'),
(142, 'Rourkela', 'D', '5.5', 'Y', '2016-07-05 14:36:21', 1, 'Rou'),
(143, 'Nuapada', 'D', '5.5', 'Y', '2016-07-05 14:36:21', 1, 'Nua'),
(144, 'Balangir', 'D', '5.5', 'Y', '2016-07-05 14:36:21', 1, 'Bal'),
(145, 'Bhawanipatna', 'D', '5.5', 'Y', '2016-07-05 14:36:21', 1, 'Bha'),
(146, 'Pondicherry', 'D', '5.5', 'Y', '2016-07-05 14:36:21', 1, 'Pon'),
(148, 'Amritsar', 'I', '5.5', 'Y', '2016-07-05 14:36:21', 1, 'Amr'),
(149, 'Bathinda', 'D', '5.5', 'Y', '2016-07-05 14:36:21', 1, 'Bat'),
(150, 'Ludhiana', 'D', '5.5', 'Y', '2016-07-05 14:36:21', 1, 'Lud'),
(151, 'Pathankot', 'D', '5.5', 'Y', '2016-07-05 14:36:21', 1, 'Pat'),
(152, 'Patiala', 'D', '5.5', 'Y', '2016-07-05 14:36:21', 1, 'Pat'),
(153, 'Jaipur', 'I', '5.5', 'Y', '2016-07-05 14:36:21', 1, 'Jai'),
(154, 'Jaisalmer', 'D', '5.5', 'Y', '2016-07-05 14:36:21', 1, 'Jai'),
(155, 'Jodhpur', 'D', '5.5', 'Y', '2016-07-05 14:36:21', 1, 'Jod'),
(156, 'Bikaner', 'D', '5.5', 'Y', '2016-07-05 14:36:21', 1, 'Bik'),
(157, 'Kota', 'D', '5.5', 'Y', '2016-07-05 14:36:21', 1, 'Kot'),
(158, 'Udaipur', 'D', '5.5', 'Y', '2016-07-05 14:36:21', 1, 'Uda'),
(159, 'Ajmer (Kishangarh)', 'D', '5.5', 'Y', '2016-07-05 14:36:21', 1, 'Ajm'),
(160, 'Gangtok', 'D', '5.5', 'Y', '2016-07-05 14:36:21', 1, 'Gan'),
(161, 'Chennai', 'B', '5.5', 'Y', '2016-07-05 14:36:21', 1, 'Che'),
(162, 'Coimbatore', 'B', '5.5', 'Y', '2016-07-05 14:36:21', 1, 'Coi'),
(163, 'Hosur', 'D', '5.5', 'Y', '2016-07-05 14:36:21', 1, 'Hos'),
(164, 'Arakkonam', 'D', '5.5', 'Y', '2016-07-05 14:36:21', 1, 'Ara'),
(165, 'Madurai', 'D', '5.5', 'Y', '2016-07-05 14:36:21', 1, 'Mad'),
(166, 'Salem', 'D', '5.5', 'Y', '2016-07-05 14:36:21', 1, 'Sal'),
(167, 'Thanjavur', 'D', '5.5', 'Y', '2016-07-05 14:36:21', 1, 'Tha'),
(168, 'Tiruchirapalli', 'I', '5.5', 'Y', '2016-07-05 14:36:21', 1, 'Tir'),
(169, 'Tuticorin', 'D', '5.5', 'Y', '2016-07-05 14:36:21', 1, 'Tut'),
(170, 'Uchipuli', 'D', '5.5', 'Y', '2016-07-05 14:36:21', 1, 'Uch'),
(171, 'Vellore', 'D', '5.5', 'Y', '2016-07-05 14:36:21', 1, 'Vel'),
(172, 'Hyderabad', 'B', '5.5', 'Y', '2016-07-05 14:36:21', 1, 'Hyd'),
(173, 'Warangal', 'D', '5.5', 'Y', '2016-07-05 14:36:21', 1, 'War'),
(174, 'Ramagundam', 'D', '5.5', 'Y', '2016-07-05 14:36:21', 1, 'Ram'),
(175, 'Nizamabad', 'D', '5.5', 'Y', '2016-07-05 14:36:21', 1, 'Niz'),
(176, 'Kothagudem', 'D', '5.5', 'Y', '2016-07-05 14:36:21', 1, 'Kot'),
(177, 'Agartala', 'D', '5.5', 'Y', '2016-07-05 14:36:21', 1, 'Aga'),
(178, 'Kailashahar', 'D', '5.5', 'Y', '2016-07-05 14:36:21', 1, 'Kai'),
(179, 'Khowai', 'D', '5.5', 'Y', '2016-07-05 14:36:21', 1, 'Kho'),
(180, 'Chinyali Sour', 'D', '5.5', 'Y', '2016-07-05 14:36:21', 1, 'Chi'),
(181, 'Dehradun', 'D', '5.5', 'Y', '2016-07-05 14:36:21', 1, 'Deh'),
(182, 'Pantnagar', 'D', '5.5', 'Y', '2016-07-05 14:36:21', 1, 'Pan'),
(183, 'Pithoragarh', 'D', '5.5', 'Y', '2016-07-05 14:36:21', 1, 'Pit'),
(184, 'Kanpur', 'B', '5.5', 'Y', '2016-08-09 11:57:26', 1, ''),
(185, 'Gorakhpur', 'D', '5.5', 'Y', '2016-07-05 14:36:21', 1, 'Gor'),
(186, 'Agra', 'D', '5.5', 'Y', '2016-07-05 14:36:21', 1, 'Agr'),
(187, 'Allahabad', 'D', '5.5', 'Y', '2016-07-05 14:36:21', 1, 'All'),
(188, 'Bareilly', 'D', '5.5', 'Y', '2016-07-05 14:36:21', 1, 'Bar'),
(189, 'Raebareli', 'D', '5.5', 'Y', '2016-07-05 14:36:21', 1, 'Rae'),
(190, 'Meerut', 'D', '5.5', 'Y', '2016-07-05 14:36:21', 1, 'Mee'),
(191, 'Aligarh', 'D', '5.5', 'Y', '2016-07-05 14:36:21', 1, 'Ali'),
(192, 'Faizabad', 'D', '5.5', 'Y', '2016-07-05 14:36:21', 1, 'Fai'),
(193, 'Moradabad', 'D', '5.5', 'Y', '2016-07-05 14:36:21', 1, 'Mor'),
(194, 'Farrukhabad', 'D', '5.5', 'Y', '2016-07-05 14:36:21', 1, 'Far'),
(195, 'Lakhimpur Kheri', 'D', '5.5', 'Y', '2016-07-05 14:36:21', 1, 'Lak'),
(196, 'Kushinagar', 'D', '5.5', 'Y', '2016-07-05 14:36:21', 1, 'Kus'),
(197, 'Shravasti', 'D', '5.5', 'Y', '2016-07-05 14:36:21', 1, 'Shr'),
(198, 'Azamgarh', 'D', '5.5', 'Y', '2016-07-05 14:36:21', 1, 'Aza'),
(199, 'Ghazipur', 'D', '5.5', 'Y', '2016-07-05 14:36:21', 1, 'Gha'),
(200, 'Akbarpur', 'D', '5.5', 'Y', '2016-07-05 14:36:21', 1, 'Akb'),
(201, 'Sultanpur', 'D', '5.5', 'Y', '2016-07-05 14:36:21', 1, 'Sul'),
(202, 'Sonbhadra', 'D', '5.5', 'Y', '2016-07-05 14:36:21', 1, 'Son'),
(203, 'Lucknow', 'B', '5.5', 'Y', '2016-07-05 14:36:21', 1, 'Luc'),
(204, 'Varanasi', 'D', '5.5', 'Y', '2016-07-05 14:36:21', 1, 'Var'),
(205, 'Ghaziabad', 'D', '5.5', 'Y', '2016-07-05 14:36:21', 1, 'Gha'),
(206, 'Saharanpur', 'D', '5.5', 'Y', '2016-07-05 14:36:21', 1, 'Sah'),
(207, 'Jhansi', 'D', '5.5', 'Y', '2016-07-05 14:36:21', 1, 'Jha'),
(208, 'Balurghat', 'D', '5.5', 'Y', '2016-07-05 14:36:21', 1, 'Bal'),
(209, 'Barrackpore', 'D', '5.5', 'Y', '2016-07-05 14:36:21', 1, 'Bar'),
(210, 'Behala', 'D', '5.5', 'Y', '2016-07-05 14:36:21', 1, 'Beh'),
(211, 'Cooch Behar', 'D', '5.5', 'Y', '2016-07-05 14:36:21', 1, 'Coo'),
(212, 'Asansol-Durgapur', 'D', '5.5', 'Y', '2016-07-05 14:36:21', 1, 'Asa'),
(213, 'Hasimara', 'D', '5.5', 'Y', '2016-07-05 14:36:21', 1, 'Has'),
(214, 'Kharagpur', 'D', '5.5', 'Y', '2016-07-05 14:36:21', 1, 'Kha'),
(215, 'Kolkata', 'I', '5.5', 'Y', '2016-07-05 14:36:21', 1, 'Kol'),
(216, 'Malda', 'D', '5.5', 'Y', '2016-07-05 14:36:21', 1, 'Mal'),
(217, 'Panagarh', 'D', '5.5', 'Y', '2016-07-05 14:36:21', 1, 'Pan'),
(218, 'Siliguri', 'D', '5.5', 'Y', '2016-07-05 14:36:21', 1, 'Sil'),
(221, 'Singapore', 'I', '8', 'Y', '2016-07-05 14:36:21', 3, 'Sin'),
(222, 'Surabaya', 'B', '7', 'Y', '2016-07-05 14:36:21', 1, 'Sur'),
(223, 'Malaysia', 'B', '8', 'Y', '2016-07-05 14:36:21', 2, 'Mal'),
(224, 'Hong Kong', 'B', '5.5', 'Y', '2016-07-05 14:36:21', 1, 'Hon'),
(225, 'Indonesia', 'B', '5.5', 'Y', '2016-07-05 14:36:21', 1, 'Ind'),
(226, 'Australia', 'B', '5.5', 'N', '2016-07-05 14:36:21', 1, 'Aus'),
(227, 'India', 'B', '5.5', 'Y', '2016-07-05 14:36:21', 1, 'Ind'),
(229, 'France', 'B', '5.5', 'Y', '2016-07-05 14:36:21', 1, 'Fra'),
(230, 'Germany', 'B', '5.5', 'Y', '2016-07-05 14:36:21', 1, 'Ger'),
(231, 'Italy', 'B', '5.5', 'Y', '2016-07-05 14:36:21', 1, 'Ita'),
(232, 'Mexico', 'B', '-06:00', 'Y', '2016-07-05 14:36:21', 1, 'Mex'),
(233, 'Brazil', 'B', '5.5', 'N', '2016-07-05 14:36:21', 1, 'Bra'),
(234, 'Singapore', 'I', '8', 'Y', '2016-07-05 14:36:21', 1, 'Sin'),
(235, 'Macao', 'I', '8', 'Y', '2016-07-05 14:36:21', 2, 'Mac'),
(236, 'Thailand', 'I', '7', 'Y', '2016-07-05 14:36:21', 1, 'Tha'),
(237, 'Bangladesh', 'I', '5.5', 'N', '2016-07-05 14:36:21', 1, 'Ban'),
(238, 'China', 'I', '8', 'Y', '2016-07-05 14:36:21', 3, 'Chi'),
(239, 'Argentina', 'I', '5.5', 'N', '2016-07-05 14:36:21', 1, 'Arg'),
(241, 'Bahrain', 'I', '5.5', 'N', '2016-07-05 14:36:21', 1, 'Bah'),
(244, 'Aamby Valley City', 'D', '5.5', 'Y', '2016-07-05 14:36:21', 1, 'Aam');

-- --------------------------------------------------------

--
-- Table structure for table `cms_bookings`
--

CREATE TABLE IF NOT EXISTS `cms_bookings` (
  `id` int(5) unsigned zerofill NOT NULL AUTO_INCREMENT,
  `t_id` int(11) NOT NULL DEFAULT '0',
  `p_id` varchar(255) NOT NULL,
  `weight` float NOT NULL DEFAULT '0',
  `status` int(11) NOT NULL DEFAULT '0',
  `created` timestamp NOT NULL DEFAULT '0000-00-00 00:00:00',
  `process_by` int(11) NOT NULL DEFAULT '0',
  `by_trans` enum('Y','N') NOT NULL DEFAULT 'N',
  `by_send_rec` enum('Y','N') NOT NULL DEFAULT 'N',
  `trans_payment` float NOT NULL,
  PRIMARY KEY (`id`)
) ENGINE=InnoDB  DEFAULT CHARSET=latin1 AUTO_INCREMENT=11255 ;

--
-- Dumping data for table `cms_bookings`
--

INSERT INTO `cms_bookings` (`id`, `t_id`, `p_id`, `weight`, `status`, `created`, `process_by`, `by_trans`, `by_send_rec`, `trans_payment`) VALUES
(11243, 11020, '11018', 5, 3, '2016-07-23 12:04:12', 11259, 'N', 'N', 1469270000000),
(11244, 11021, '11019', 1, 3, '2016-07-23 12:37:38', 11259, 'N', 'N', 1469270000000),
(11245, 11020, '11020', 5, 3, '2016-07-23 12:54:18', 71, 'N', 'N', 1469270000000),
(11246, 11023, '11021', 1, 4, '2016-08-05 13:10:08', 11246, 'N', 'N', 1470390000000),
(11247, 11023, '11024', 9, 4, '2016-08-06 07:19:44', 11246, 'N', 'N', 1470460000000),
(11248, 11023, '11022', 1, 4, '2016-08-06 11:43:32', 11259, 'N', 'N', 1470480000000),
(11249, 11023, '11022', 1, 4, '2016-08-06 12:39:19', 11259, 'N', 'N', 1470480000000),
(11250, 11023, '11022', 1, 4, '2016-08-06 12:55:41', 11259, 'N', 'N', 1470480000000),
(11251, 11023, '11022', 1, 4, '2016-08-06 12:57:41', 11259, 'N', 'N', 1470480000000),
(11252, 11023, '11022', 1, 4, '2016-08-06 13:01:23', 11259, 'N', 'N', 1470480000000),
(11253, 11023, '11022', 1, 4, '2016-08-06 13:05:45', 11259, 'N', 'N', 1470480000000),
(11254, 11024, '11025', 2, 6, '2016-08-06 13:16:22', 11259, 'N', 'N', 1470480000000);

-- --------------------------------------------------------

--
-- Table structure for table `cms_cancels`
--

CREATE TABLE IF NOT EXISTS `cms_cancels` (
  `id` int(11) NOT NULL AUTO_INCREMENT,
  `created` timestamp NOT NULL DEFAULT CURRENT_TIMESTAMP ON UPDATE CURRENT_TIMESTAMP,
  `status` enum('Y','N') NOT NULL DEFAULT 'Y',
  PRIMARY KEY (`id`)
) ENGINE=InnoDB DEFAULT CHARSET=latin1 AUTO_INCREMENT=1 ;

-- --------------------------------------------------------

--
-- Table structure for table `cms_cancel_bookings`
--

CREATE TABLE IF NOT EXISTS `cms_cancel_bookings` (
  `id` int(11) NOT NULL AUTO_INCREMENT,
  `book_id` int(11) NOT NULL,
  `reason` text NOT NULL,
  `trans_id` int(11) NOT NULL,
  `status` enum('Y','N') NOT NULL DEFAULT 'Y',
  `created` timestamp NOT NULL DEFAULT CURRENT_TIMESTAMP ON UPDATE CURRENT_TIMESTAMP,
  `sender_id` int(11) NOT NULL,
  `by_admin` int(11) NOT NULL DEFAULT '0',
  PRIMARY KEY (`id`)
) ENGINE=InnoDB DEFAULT CHARSET=latin1 AUTO_INCREMENT=1 ;

-- --------------------------------------------------------

--
-- Table structure for table `cms_chatchannel`
--

CREATE TABLE IF NOT EXISTS `cms_chatchannel` (
  `id` int(11) NOT NULL AUTO_INCREMENT,
  `receiverid` int(11) DEFAULT NULL,
  `transporterid` int(11) DEFAULT NULL,
  `senderid` int(11) DEFAULT NULL,
  `parcelid` int(11) DEFAULT NULL,
  `tripid` int(11) DEFAULT NULL,
  `created` timestamp NOT NULL DEFAULT CURRENT_TIMESTAMP ON UPDATE CURRENT_TIMESTAMP,
  `isactive` tinyint(1) DEFAULT '1',
  PRIMARY KEY (`id`)
) ENGINE=MyISAM  DEFAULT CHARSET=latin1 AUTO_INCREMENT=57 ;

--
-- Dumping data for table `cms_chatchannel`
--

INSERT INTO `cms_chatchannel` (`id`, `receiverid`, `transporterid`, `senderid`, `parcelid`, `tripid`, `created`, `isactive`) VALUES
(27, 11325, 11282, 11259, 11006, 11009, '2016-07-09 07:04:02', 1),
(28, 11263, 11259, 11259, 11007, 11010, '2016-07-09 08:20:26', 0),
(29, 11263, 11259, 11259, 11007, 11010, '2016-07-09 08:32:33', 0),
(30, 11263, 11259, 11259, 11007, 11010, '2016-07-12 12:41:21', 0),
(31, 11263, 11263, 71, 11008, 11011, '2016-07-09 13:45:36', 1),
(32, 11263, 11263, 71, 11009, 11011, '2016-07-09 13:53:12', 1),
(33, 11326, 71, 71, 11010, 11012, '2016-07-09 14:53:23', 1),
(34, 11327, 11263, 71, 11011, 11014, '2016-07-11 13:28:35', 0),
(35, 11327, 11263, 71, 11011, 11016, '2016-07-11 13:36:19', 1),
(46, 11263, 11259, 11259, 11019, 11021, '2016-07-23 10:37:38', 1),
(38, 11263, 11259, 11259, 11007, 11010, '2016-07-13 04:54:18', 0),
(45, 11263, 11259, 11259, 11018, 11020, '2016-07-23 10:04:13', 1),
(44, 11263, 11259, 11259, 11007, 11010, '2016-07-13 05:11:24', 1),
(43, 11263, 11259, 11259, 11007, 11010, '2016-07-13 05:09:10', 0),
(47, 11263, 11259, 71, 11020, 11020, '2016-07-23 10:54:19', 1),
(48, 11283, 11246, 71, 11021, 11023, '2016-08-05 11:10:09', 1),
(49, 11325, 11246, 11259, 11024, 11023, '2016-08-06 05:19:44', 1),
(50, 11325, 11246, 11259, 11022, 11023, '2016-08-06 09:43:47', 0),
(51, 11325, 11246, 11259, 11022, 11023, '2016-08-06 10:45:15', 0),
(52, 11325, 11246, 11259, 11022, 11023, '2016-08-06 10:55:52', 0),
(53, 11325, 11246, 11259, 11022, 11023, '2016-08-06 10:57:57', 0),
(54, 11325, 11246, 11259, 11022, 11023, '2016-08-06 11:01:32', 0),
(55, 11325, 11246, 11259, 11022, 11023, '2016-08-06 11:05:54', 0),
(56, 11325, 11246, 11259, 11025, 11024, '2016-08-06 11:16:22', 1);

-- --------------------------------------------------------

--
-- Table structure for table `cms_chatmessages`
--

CREATE TABLE IF NOT EXISTS `cms_chatmessages` (
  `id` int(11) NOT NULL AUTO_INCREMENT,
  `channelid` int(11) DEFAULT NULL,
  `message` varchar(200) DEFAULT NULL,
  `messageuserid` int(11) DEFAULT NULL,
  `created` timestamp NOT NULL DEFAULT CURRENT_TIMESTAMP ON UPDATE CURRENT_TIMESTAMP,
  `readstatus` tinyint(1) DEFAULT '0',
  PRIMARY KEY (`id`)
) ENGINE=MyISAM  DEFAULT CHARSET=latin1 AUTO_INCREMENT=278 ;

--
-- Dumping data for table `cms_chatmessages`
--

INSERT INTO `cms_chatmessages` (`id`, `channelid`, `message`, `messageuserid`, `created`, `readstatus`) VALUES
(109, 27, 'hi all welcome to mycourierbuddy how amy i assest you', 11259, '2016-07-09 07:04:57', 1),
(110, 27, 'please have a look    on it', 11282, '2016-07-09 07:06:59', 1),
(111, 27, 'hello i am receiver pl;ease     send your parcel on time', 11325, '2016-07-09 07:07:56', 1),
(112, 27, 'test look', 11325, '2016-07-09 07:32:38', 1),
(113, 28, 'test message into  parcel 11007', 11259, '2016-07-09 08:00:53', 1),
(114, 28, 'hi', 11263, '2016-07-09 08:01:41', 1),
(115, 28, 'hi', 11263, '2016-07-09 08:02:19', 1),
(116, 28, 'hello', 11259, '2016-07-09 08:03:12', 1),
(117, 30, 'test', 11259, '2016-07-09 13:39:54', 1),
(118, 31, 'Hi This is', 71, '2016-07-09 16:17:50', 1),
(119, 32, 'Hi Jeet here', 71, '2016-07-09 16:18:04', 1),
(120, 33, 'Hi Annu', 71, '2016-07-09 15:00:57', 1),
(121, 33, 'hi', 11326, '2016-07-09 15:01:06', 1),
(122, 33, 'are u bringing my parcel', 11326, '2016-07-09 16:15:37', 1),
(123, 33, 'thanks for the help', 11326, '2016-07-09 16:15:37', 1),
(124, 33, 'I will reach tromorrow tomorrow', 71, '2016-07-09 16:15:37', 1),
(125, 33, 'this portal is great :)', 11326, '2016-07-09 16:15:37', 1),
(126, 33, 'collect it at airport at 8:40 AM', 71, '2016-07-09 16:15:37', 1),
(127, 33, 'can u pls come 2 hr after the asked time', 11326, '2016-07-09 16:15:37', 1),
(128, 33, 'I had something urgent', 11326, '2016-07-09 16:15:37', 1),
(129, 33, 'OR I will be going to TCS office, you can collect it there after 10', 71, '2016-07-09 16:15:37', 1),
(130, 34, 'Welcome Sender, Transporter, Receiver ..', 71, '2016-07-11 13:13:26', 1),
(131, 34, 'hello', 11263, '2016-07-11 13:17:11', 1),
(132, 34, 'hi jeet', 11263, '2016-07-11 13:17:35', 1),
(133, 34, 'Hello Ashu C', 71, '2016-07-11 13:23:53', 1),
(134, 34, 'Can you please pick the parcel tomorrwo from my house', 71, '2016-07-11 13:23:53', 1),
(135, 34, 'sure', 11263, '2016-07-11 13:23:53', 1),
(136, 34, 'hello', 11263, '2016-07-11 13:23:53', 1),
(137, 34, 'hi dear', 11263, '2016-07-11 13:24:47', 1),
(138, 34, 'hi dear', 11263, '2016-07-11 13:25:10', 1),
(139, 35, 'hi ashu', 71, '2016-07-11 13:44:46', 1),
(140, 35, 'hi received parce;', 11263, '2016-07-11 13:45:12', 1),
(141, 35, 'Can you date with me', 71, '2016-07-11 13:45:12', 1),
(142, 35, 'hi received parcel', 11263, '2016-07-11 13:45:12', 1),
(143, 35, 'Can you date with me', 71, '2016-07-11 13:50:24', 1),
(144, 31, 'lkjalkjflakjflkalkdsfjlkajdslkfjalkdjflkadlkfalksdjkldsfkjalksdflkasdflkjaklsdjflkajdfkljalkdjf', 71, '2016-07-12 12:42:03', 1),
(145, 35, 'Hi Ashu', 71, '2016-07-13 07:13:35', 1),
(214, 44, 'jfbgh j ghdf jdf djkghd fd gf dgbdk gjkd gjkd gjkd jkg djkg djg djgdj gjd gjdgjd gj djg dj gjd gjd gjd gjd gd bgbdgb dgbdhgbhdb jhd bgjdb gjd bgbd gbdhgbd gjdjgdgdghdghdghdjghjdhgjdhgjdhghjdghjghjghdj', 11259, '2016-07-13 07:07:00', 1),
(209, 44, 'oifugir', 11259, '2016-07-13 07:07:00', 1),
(210, 44, 'oifugirhrue', 11259, '2016-07-13 07:07:00', 1),
(211, 44, 'oifugirhruefdugt ur', 11259, '2016-07-13 07:07:00', 1),
(212, 44, 'mcj bcg', 11259, '2016-07-13 07:07:00', 1),
(213, 44, 'mkjgfhg', 11259, '2016-07-13 07:07:00', 1),
(208, 44, 'gfg', 11259, '2016-07-13 07:07:00', 1),
(207, 44, 'gf', 11259, '2016-07-13 07:07:00', 1),
(206, 44, 'fgf', 11259, '2016-07-13 07:07:00', 1),
(205, 44, 'gfg', 11259, '2016-07-13 07:07:00', 1),
(204, 44, 'gjcfhg', 11259, '2016-07-13 07:07:00', 1),
(203, 44, 'jgtirutgru', 11259, '2016-07-13 07:07:00', 1),
(202, 44, 'hgj fugif', 11259, '2016-07-13 07:07:00', 1),
(201, 44, 'kfjhggu', 11259, '2016-07-13 07:07:00', 1),
(200, 44, 'jhdfh gu', 11259, '2016-07-13 07:07:00', 1),
(199, 44, 'ufg d', 11259, '2016-07-13 07:07:00', 1),
(198, 44, 'gjkfh gf', 11259, '2016-07-13 07:07:00', 1),
(197, 44, 'kgfihg', 11259, '2016-07-13 07:07:00', 1),
(196, 44, 'gnfjdg f', 11259, '2016-07-13 07:07:00', 1),
(195, 44, 'njgvd hfghfd', 11259, '2016-07-13 07:07:00', 1),
(194, 44, 'fdjgj fhgo', 11259, '2016-07-13 07:07:00', 1),
(193, 44, 'cjnbgj jg dfg', 11259, '2016-07-13 07:07:00', 1),
(192, 44, 'dfd', 11259, '2016-07-13 07:07:00', 1),
(191, 44, 'dssds', 11259, '2016-07-13 07:07:00', 1),
(190, 44, 'fdfj', 11259, '2016-07-13 07:07:00', 1),
(189, 44, 'from lalit', 11259, '2016-07-13 07:07:00', 1),
(188, 44, 'message', 11259, '2016-07-13 07:07:00', 1),
(215, 44, 'ghjb', 11259, '2016-07-13 07:10:51', 1),
(187, 44, 'test', 11259, '2016-07-13 07:07:00', 1),
(216, 44, 'nj j kgdkg hd ghjdhg jkdjgk bdkgdkgd ngjbgjkfgjkf uig fjngjf gjkfg jfgn fgjfg fkgjf hgkfgfjh gkf', 11259, '2016-07-13 07:10:51', 1),
(217, 44, 'vhfgjdghkdf gklh', 11259, '2016-07-13 07:10:51', 1),
(218, 44, 'hdfgdhfghdgfhgdhfgdhghfgdhfghdfgdhgfhdfghdgfhdfhgdfgdhfghdfghdfghdfghdgfhdgfhdgfhdghdgfhdgfhdgfdgfhdghfgdhfgdhfgdhfgdhfghdgfdgfhdgfdgfdgfydgfydgfydgfdygfdygyegygeygeyreyrgyegryegryegreygryegyergrue', 11259, '2016-07-13 07:12:59', 1),
(219, 44, 'testmessagebfhdgfhdgf dhfgh dgfhd fdhfgdhfghdgfhdfhdgfhdgfhdghfgdhfghdfghdgfhdfghdfghdgfhdgfhdgfhdgfhdgfhgdfhdhfgdhfgdhgfhdgfhdfhdfdhf', 11263, '2016-07-13 07:16:17', 1),
(220, 44, 'Receiver', 11259, '2016-07-13 08:16:05', 1),
(221, 31, 'hi', 71, '2016-07-13 08:23:13', 1),
(222, 31, 'hi', 71, '2016-07-13 08:23:51', 1),
(223, 31, 'hello', 71, '2016-07-13 08:24:13', 1),
(224, 31, 'hi', 71, '2016-07-13 08:24:13', 1),
(225, 31, 'hi', 11263, '2016-07-13 08:24:39', 1),
(226, 31, 'hi', 71, '2016-07-13 08:24:39', 1),
(227, 31, 'hi', 71, '2016-07-13 08:24:39', 1),
(228, 31, 'hi', 71, '2016-07-13 08:29:41', 1),
(229, 44, 'test message', 11259, '2016-07-13 10:03:58', 1),
(230, 44, 'test from ashu', 11263, '2016-07-13 10:04:24', 1),
(231, 31, 'hi', 71, '2016-07-15 04:04:28', 1),
(232, 31, 'asdfadfasfafafafasfafadfjalkdjfakjdklfjakldfjalksdjflkajf', 71, '2016-07-15 04:06:40', 1),
(233, 31, 'hi', 11263, '2016-07-15 04:06:40', 1),
(234, 31, 'adsfklajlk', 11263, '2016-07-15 04:06:40', 1),
(235, 31, 'asdfaf', 71, '2016-07-15 04:06:40', 1),
(236, 31, 'asdfafaf', 11263, '2016-07-15 04:06:40', 1),
(237, 31, 'hell', 71, '2016-07-15 04:07:17', 1),
(238, 31, 'yes', 11263, '2016-07-15 04:07:17', 1),
(239, 31, 'how are you', 71, '2016-07-15 04:07:17', 1),
(240, 31, 'i m fine', 11263, '2016-07-17 07:55:04', 1),
(241, 31, 'fadasdf', 11263, '2016-07-17 07:55:04', 1),
(242, 31, 'hello', 71, '2016-07-17 07:55:04', 1),
(243, 31, 'hello', 11263, '2016-07-22 12:55:22', 1),
(244, 31, 'hello', 11263, '2016-07-22 12:55:22', 1),
(245, 31, 'hello', 11263, '2016-07-22 12:55:22', 1),
(246, 32, 'test message', 11263, '2016-07-22 13:28:07', 1),
(247, 32, 'test message from lalit', 11263, '2016-07-22 13:28:07', 1),
(248, 32, 'test message from lalit hj gd', 11263, '2016-07-22 13:28:07', 1),
(249, 32, 'test message from lalit hj gdgshdg', 11263, '2016-07-22 13:28:07', 1),
(250, 32, 'bs d', 11263, '2016-07-22 13:28:07', 1),
(251, 32, 'bs dhdgsd', 11263, '2016-07-22 13:28:07', 1),
(252, 32, 'dh s dbs', 11263, '2016-07-22 13:28:07', 1),
(253, 32, 'dh s dbs', 11263, '2016-07-22 13:28:07', 1),
(254, 32, 'nxbf', 11263, '2016-07-22 13:28:07', 1),
(255, 47, 'test', 71, '2016-07-25 04:24:21', 1),
(256, 47, 'hi', 71, '2016-07-25 04:24:21', 1),
(257, 47, 'hi', 71, '2016-07-25 04:24:21', 1),
(258, 45, 'hello', 11263, '2016-08-05 16:09:17', 1),
(259, 47, 'heelo', 11263, '2016-07-27 04:43:16', 1),
(260, 45, 'hello', 11263, '2016-08-05 16:09:17', 1),
(261, 47, 'hi', 71, '2016-07-27 04:43:16', 1),
(262, 47, 'assss', 71, '2016-07-27 04:43:16', 1),
(263, 47, 'hi', 11263, '2016-07-27 04:43:16', 1),
(264, 47, 'hi', 11263, '2016-07-27 04:43:16', 1),
(265, 46, 'hi', 11263, '2016-08-05 16:09:25', 1),
(266, 47, 'Hi Ashu', 71, '2016-08-05 06:16:09', 1),
(267, 47, 'How are you buddy', 71, '2016-08-05 06:16:09', 1),
(268, 47, 'Seems good now', 71, '2016-08-05 06:16:09', 1),
(269, 47, 'Have you read these messages.', 71, '2016-08-05 16:09:29', 1),
(270, 47, 'Have you read these messages.', 71, '2016-08-05 16:09:29', 1),
(271, 48, 'Hello Jeetu', 71, '2016-08-05 11:10:56', 1),
(272, 48, 'I have send a gift for you', 71, '2016-08-06 01:44:32', 1),
(273, 48, 'I shall request you', 71, '2016-08-06 01:44:32', 1),
(274, 48, 'to check teh asdj sadjflsa jslkdflas jsal jkfsdfj ajslkdfj jalsjflk jalksdjflkj asfkjskjd lkfjlsadflksajfdl safsf jlkdjflsajdflk jj jalsjdflkj', 71, '2016-08-06 01:44:32', 1),
(275, 48, 'Hi', 11246, '2016-08-06 01:44:32', 1),
(276, 48, 'Hi Thanks a lot', 11246, '2016-08-06 01:44:32', 1),
(277, 48, 'dfjh', 11246, '2016-08-06 06:47:37', 1);

-- --------------------------------------------------------

--
-- Table structure for table `cms_contacts`
--

CREATE TABLE IF NOT EXISTS `cms_contacts` (
  `id` int(11) NOT NULL AUTO_INCREMENT,
  `created` date NOT NULL,
  `status` enum('Y','N') NOT NULL DEFAULT 'Y',
  `name` varchar(255) NOT NULL,
  `message` text NOT NULL,
  `phone` bigint(20) NOT NULL,
  `email` varchar(255) NOT NULL,
  `reason` varchar(200) NOT NULL,
  PRIMARY KEY (`id`)
) ENGINE=InnoDB  DEFAULT CHARSET=latin1 AUTO_INCREMENT=7 ;

--
-- Dumping data for table `cms_contacts`
--

INSERT INTO `cms_contacts` (`id`, `created`, `status`, `name`, `message`, `phone`, `email`, `reason`) VALUES
(1, '2016-03-14', 'Y', 'Suhail', 'This is a testing', 9513578624, 'suhail@doomshell.com', ''),
(6, '2016-06-27', 'Y', 'lalit', 'test message', 9509991464, 'sharma.22lalit@gmail.com', '');

-- --------------------------------------------------------

--
-- Table structure for table `cms_letters`
--

CREATE TABLE IF NOT EXISTS `cms_letters` (
  `id` int(11) NOT NULL AUTO_INCREMENT,
  `title` varchar(20) NOT NULL,
  `description` text NOT NULL,
  `created` timestamp NOT NULL DEFAULT CURRENT_TIMESTAMP ON UPDATE CURRENT_TIMESTAMP,
  `status` enum('Y','N') NOT NULL DEFAULT 'Y',
  PRIMARY KEY (`id`)
) ENGINE=MyISAM  DEFAULT CHARSET=latin1 AUTO_INCREMENT=9 ;

--
-- Dumping data for table `cms_letters`
--

INSERT INTO `cms_letters` (`id`, `title`, `description`, `created`, `status`) VALUES
(8, 'My Courier Buddy Lau', '<p style="text-align: left;">Dear Buddy''s<br/></p><div style="text-align: left;">We are very happy to announce that we are launching our first version of MyCourierBuddy. MCB is a social courier platform, which bring courier senders and travel transporter together. <br/><br/>Our Mission is to bring people together for mutual benefits like <br/>- Send Courier Faster<br/>- Earn Additional Money While You Travel<br/>- Make New Friends <br/>- Give Back To Community <br/><br/>Thanks <br/>MCB Team<br/></div>', '2015-12-15 10:14:52', 'Y');

-- --------------------------------------------------------

--
-- Table structure for table `cms_parcels`
--

CREATE TABLE IF NOT EXISTS `cms_parcels` (
  `id` int(5) unsigned zerofill NOT NULL AUTO_INCREMENT,
  `usr_id` int(11) NOT NULL,
  `source` varchar(255) NOT NULL,
  `destination` varchar(255) NOT NULL,
  `till_date` date NOT NULL,
  `type` varchar(255) NOT NULL,
  `height` int(11) NOT NULL DEFAULT '0',
  `width` int(11) NOT NULL DEFAULT '0',
  `length` int(11) NOT NULL DEFAULT '0',
  `weight` float NOT NULL,
  `created` timestamp NOT NULL DEFAULT '0000-00-00 00:00:00',
  `description` text NOT NULL,
  `status` int(11) NOT NULL DEFAULT '0',
  `recv_id` int(11) NOT NULL,
  `recv_email` varchar(255) NOT NULL,
  `recv_mobile` varchar(255) NOT NULL,
  `recv_name` varchar(255) NOT NULL,
  `recv_comment` text NOT NULL,
  `processed_by` int(11) NOT NULL DEFAULT '0',
  `payment` float NOT NULL,
  `trans_id` int(11) NOT NULL DEFAULT '0',
  `trans_comment` text NOT NULL,
  `reason` text NOT NULL,
  `ParcelID` varchar(50) DEFAULT NULL,
  PRIMARY KEY (`id`)
) ENGINE=InnoDB  DEFAULT CHARSET=latin1 AUTO_INCREMENT=11034 ;

--
-- Dumping data for table `cms_parcels`
--

INSERT INTO `cms_parcels` (`id`, `usr_id`, `source`, `destination`, `till_date`, `type`, `height`, `width`, `length`, `weight`, `created`, `description`, `status`, `recv_id`, `recv_email`, `recv_mobile`, `recv_name`, `recv_comment`, `processed_by`, `payment`, `trans_id`, `trans_comment`, `reason`, `ParcelID`) VALUES
(11017, 11259, 'Jaipur', 'Mumbai', '2016-07-31', 'B', 10, 20, 20, 5, '2016-07-23 16:18:45', 'test parcel', 0, 11325, '', '', '', '', 11259, 1500, 0, '', '', 'P11017'),
(11018, 11259, 'Jaipur', 'Thailand', '2016-07-27', 'E', 0, 0, 0, 5, '2016-07-23 16:53:34', 'test descriptiion', 2, 11263, '', '', '', '', 11259, 1500, 11020, '', '', 'P11018'),
(11019, 11259, 'Jaipur', 'Thailand', '2016-07-23', 'E', 0, 0, 0, 1, '2016-07-23 17:28:40', 'test', 2, 11263, '', '', '', '', 11259, 500, 11021, '', '', 'P11019'),
(11020, 71, 'Jaipur', 'Thailand', '2016-07-27', 'E', 0, 0, 0, 5, '2016-07-23 17:53:21', 'test', 2, 11263, '', '', '', '', 71, 1500, 11020, '', '', 'P11020'),
(11021, 71, 'New Delhi', 'Mumbai', '2016-08-10', 'E', 0, 0, 0, 1, '2016-08-05 13:11:18', 'Envelope with Book', 0, 11283, '', '', '', '', 11246, 500, 0, '', '', 'P11021'),
(11022, 11259, 'New Delhi', 'Mumbai', '2016-08-09', 'E', 0, 0, 0, 1, '2016-08-05 23:11:22', 'test description', 0, 11325, '', '', '', '', 11259, 500, 0, '', '', 'P11022'),
(11023, 11330, 'New Delhi', 'Chennai', '2016-08-10', 'E', 0, 0, 0, 1, '2016-08-06 08:39:16', 'documents', 6, 71, '', '', '', '', 11111, 500, 11024, '', 'this is my testing with parcel and transporter which are being used in MCB for byteclues technologies', 'P11023'),
(11024, 11259, 'New Delhi', 'Mumbai', '2016-08-09', 'P', 0, 0, 0, 9, '2016-08-06 12:19:36', 'test desc', 0, 11325, '', '', '', '', 11246, 2500, 0, '', 'not received', 'P11024'),
(11025, 11259, 'New Delhi', 'Chennai', '2016-08-28', 'B', 10, 220, 2, 2, '2016-08-06 13:41:27', 'test desc', 5, 11325, '', '', '', '', 11259, 750, 11024, '', 'Good', 'P11025'),
(11026, 11259, 'Jaipur', 'Mumbai', '2016-08-06', 'E', 0, 0, 0, 10, '2016-08-06 19:08:41', 'i can come to give you', 0, 11325, '', '', '', '', 11259, 2750, 0, '', '', 'P11026'),
(11027, 11259, 'Jaipur', 'Mumbai', '2016-08-06', 'E', 0, 0, 0, 10, '2016-08-06 19:08:41', 'i can come to give you', 0, 11325, '', '', '', '', 11259, 2750, 0, '', '', 'P11027'),
(11028, 11259, 'Jaipur', 'Mumbai', '2016-08-06', 'E', 0, 0, 0, 10, '2016-08-06 19:08:41', 'i can come to give you', 0, 11325, '', '', '', '', 11259, 2750, 0, '', '', 'P11028'),
(11029, 11259, 'Jaipur', 'Mumbai', '2016-08-06', 'E', 0, 0, 0, 10, '2016-08-06 19:08:41', 'i can come to give you', 0, 11325, '', '', '', '', 11259, 2750, 0, '', '', 'P11029'),
(11030, 11259, 'Jaipur', 'Mumbai', '2016-08-06', 'E', 0, 0, 0, 10, '2016-08-06 19:13:56', 'i can come to give you', 0, 11325, '', '', '', '', 11259, 2750, 0, '', '', 'P11030'),
(11031, 11259, 'Jaipur', 'Mumbai', '2016-08-06', 'E', 0, 0, 0, 10, '2016-08-06 19:08:41', 'i can come to give you', 0, 11325, '', '', '', '', 11259, 2750, 0, '', '', 'P11031'),
(11032, 11259, 'Jaipur', 'Mumbai', '2016-08-06', 'E', 0, 0, 0, 10, '2016-08-06 19:08:41', 'i can come to give you', 0, 11325, '', '', '', '', 11259, 2750, 0, '', '', 'P11032'),
(11033, 11259, 'Jaipur', 'Mumbai', '2016-08-06', 'E', 0, 0, 0, 10, '2016-08-06 19:08:41', 'i can come to give you', 0, 11325, '', '', '', '', 11259, 2750, 0, '', '', 'P11033');

--
-- Triggers `cms_parcels`
--
DROP TRIGGER IF EXISTS `Tr_update_cms_parcels_insert`;
DELIMITER //
CREATE TRIGGER `Tr_update_cms_parcels_insert` AFTER INSERT ON `cms_parcels`
 FOR EACH ROW INSERT INTO cms_parcels_log(usr_id,source,destination,till_date,type,height,width,length,weight,created,description,status,recv_id,recv_email,recv_mobile,recv_name,recv_comment,processed_by,payment,trans_id,trans_comment,reason,ParcelID)
values(NEW.usr_id,NEW.source,NEW.destination,NEW.till_date,NEW.type,NEW.height,NEW.width,NEW.length,NEW.weight,NEW.created,NEW.description,NEW.status,NEW.recv_id,NEW.recv_email,NEW.recv_mobile,NEW.recv_name,NEW.recv_comment,NEW.processed_by,NEW.payment,NEW.trans_id,NEW.trans_comment,NEW.reason,NEW.ParcelID)
//
DELIMITER ;
DROP TRIGGER IF EXISTS `Tr_update_cms_parcels_update`;
DELIMITER //
CREATE TRIGGER `Tr_update_cms_parcels_update` AFTER UPDATE ON `cms_parcels`
 FOR EACH ROW INSERT INTO cms_parcels_log(usr_id,source,destination,till_date,type,height,width,length,weight,created,description,status,recv_id,recv_email,recv_mobile,recv_name,recv_comment,processed_by,payment,trans_id,trans_comment,reason,ParcelID)
values(NEW.usr_id,NEW.source,NEW.destination,NEW.till_date,NEW.type,NEW.height,NEW.width,NEW.length,NEW.weight,NEW.created,NEW.description,NEW.status,NEW.recv_id,NEW.recv_email,NEW.recv_mobile,NEW.recv_name,NEW.recv_comment,NEW.processed_by,NEW.payment,NEW.trans_id,NEW.trans_comment,NEW.reason,NEW.ParcelID)
//
DELIMITER ;

-- --------------------------------------------------------

--
-- Table structure for table `cms_parcelstatus`
--

CREATE TABLE IF NOT EXISTS `cms_parcelstatus` (
  `id` int(11) NOT NULL AUTO_INCREMENT,
  `status` varchar(100) NOT NULL,
  PRIMARY KEY (`id`)
) ENGINE=InnoDB  DEFAULT CHARSET=latin1 AUTO_INCREMENT=10 ;

--
-- Dumping data for table `cms_parcelstatus`
--

INSERT INTO `cms_parcelstatus` (`id`, `status`) VALUES
(0, 'Parcel Created'),
(1, 'Booked with Payment Due'),
(2, 'Booked With TR'),
(3, 'Parcel Collected'),
(4, 'Parcel Delivered'),
(5, 'Delivery Complete'),
(6, 'Cancelled'),
(7, 'Not Received'),
(8, 'Refunded'),
(9, 'Rejected by Tr');

-- --------------------------------------------------------

--
-- Table structure for table `cms_parcels_log`
--

CREATE TABLE IF NOT EXISTS `cms_parcels_log` (
  `id` int(5) unsigned zerofill NOT NULL AUTO_INCREMENT,
  `usr_id` int(11) NOT NULL,
  `source` varchar(255) NOT NULL,
  `destination` varchar(255) NOT NULL,
  `till_date` date NOT NULL,
  `type` varchar(255) NOT NULL,
  `height` int(11) NOT NULL DEFAULT '0',
  `width` int(11) NOT NULL DEFAULT '0',
  `length` int(11) NOT NULL DEFAULT '0',
  `weight` float NOT NULL,
  `created` timestamp NOT NULL DEFAULT '0000-00-00 00:00:00',
  `description` text NOT NULL,
  `status` int(11) NOT NULL DEFAULT '0',
  `recv_id` int(11) NOT NULL,
  `recv_email` varchar(255) NOT NULL,
  `recv_mobile` varchar(255) NOT NULL,
  `recv_name` varchar(255) NOT NULL,
  `recv_comment` text NOT NULL,
  `processed_by` int(11) NOT NULL DEFAULT '0',
  `payment` float NOT NULL,
  `trans_id` int(11) NOT NULL DEFAULT '0',
  `trans_comment` text NOT NULL,
  `reason` text NOT NULL,
  `ParcelID` varchar(50) DEFAULT NULL,
  `updated` timestamp NOT NULL DEFAULT CURRENT_TIMESTAMP,
  PRIMARY KEY (`id`)
) ENGINE=InnoDB  DEFAULT CHARSET=latin1 AUTO_INCREMENT=11344 ;

--
-- Dumping data for table `cms_parcels_log`
--

INSERT INTO `cms_parcels_log` (`id`, `usr_id`, `source`, `destination`, `till_date`, `type`, `height`, `width`, `length`, `weight`, `created`, `description`, `status`, `recv_id`, `recv_email`, `recv_mobile`, `recv_name`, `recv_comment`, `processed_by`, `payment`, `trans_id`, `trans_comment`, `reason`, `ParcelID`, `updated`) VALUES
(11038, 11259, 'Jaipur', 'Mumbai', '2016-07-09', 'E', 0, 0, 0, 10, '2016-07-09 13:56:35', 'tets description', 0, 11325, '', '', '', '', 11259, 2750, 0, '', '', NULL, '2016-07-09 06:56:28'),
(11039, 11259, 'Jaipur', 'Mumbai', '2016-07-09', 'E', 0, 0, 0, 10, '2016-07-09 13:56:35', 'tets description', 0, 11325, '', '', '', '', 11259, 2750, 0, '', '', 'P11006', '2016-07-09 06:56:28'),
(11040, 11259, 'Jaipur', 'Mumbai', '2016-07-09', 'E', 0, 0, 0, 10, '2016-07-09 13:56:35', 'tets description', 2, 11325, '', '', '', '', 11259, 2750, 11009, '', '', 'P11006', '2016-07-09 07:04:02'),
(11041, 11259, 'Jaipur', 'Mumbai', '2016-07-31', 'E', 0, 0, 0, 10, '2016-07-09 14:50:17', 'test desc', 0, 11263, '', '', '', '', 11259, 2750, 0, '', '', NULL, '2016-07-09 07:50:09'),
(11042, 11259, 'Jaipur', 'Mumbai', '2016-07-31', 'E', 0, 0, 0, 10, '2016-07-09 14:50:17', 'test desc', 0, 11263, '', '', '', '', 11259, 2750, 0, '', '', 'P11007', '2016-07-09 07:50:09'),
(11043, 11259, 'Jaipur', 'Mumbai', '2016-07-09', 'E', 0, 0, 0, 10, '2016-07-09 13:56:35', 'tets description', 2, 11325, '', '', '', '', 11259, 2750, 11009, '', '', 'P11006', '2016-07-09 07:50:09'),
(11044, 11259, 'Jaipur', 'Mumbai', '2016-07-31', 'E', 0, 0, 0, 10, '2016-07-09 14:50:17', 'test desc', 2, 11263, '', '', '', '', 11259, 2750, 11010, '', '', 'P11007', '2016-07-09 07:55:23'),
(11045, 11259, 'Jaipur', 'Mumbai', '2016-07-31', 'E', 0, 0, 0, 10, '2016-07-09 14:50:17', 'test desc', 9, 11263, '', '', '', '', 11259, 2750, 0, '', 'this person is not giving parcel', 'P11007', '2016-07-09 08:20:26'),
(11046, 11259, 'Jaipur', 'Mumbai', '2016-07-31', 'E', 0, 0, 0, 10, '2016-07-09 14:50:17', 'test desc', 0, 11263, '', '', '', '', 11111, 2750, 0, '', 'it is genuine parcel ', 'P11007', '2016-07-09 08:29:10'),
(11047, 11259, 'Jaipur', 'Mumbai', '2016-07-31', 'E', 0, 0, 0, 10, '2016-07-09 14:50:17', 'test desc', 1, 11263, '', '', '', '', 11259, 2750, 11010, '', 'it is genuine parcel ', 'P11007', '2016-07-09 08:29:25'),
(11048, 11259, 'Jaipur', 'Mumbai', '2016-07-31', 'E', 0, 0, 0, 10, '2016-07-09 14:50:17', 'test desc', 2, 11263, '', '', '', '', 11259, 2750, 11010, '', 'it is genuine parcel ', 'P11007', '2016-07-09 08:31:58'),
(11049, 11259, 'Jaipur', 'Mumbai', '2016-07-31', 'E', 0, 0, 0, 10, '2016-07-09 14:50:17', 'test desc', 9, 11263, '', '', '', '', 11259, 2750, 0, '', 'test reason', 'P11007', '2016-07-09 08:32:33'),
(11050, 11259, 'Jaipur', 'Mumbai', '2016-07-31', 'E', 0, 0, 0, 10, '2016-07-09 14:50:17', 'test desc', 0, 11263, '', '', '', '', 11111, 2750, 0, '', 'test active', 'P11007', '2016-07-09 08:33:21'),
(11051, 11259, 'Jaipur', 'Mumbai', '2016-07-31', 'E', 0, 0, 0, 10, '2016-07-09 14:50:17', 'test desc', 2, 11263, '', '', '', '', 11259, 2750, 11010, '', 'test active', 'P11007', '2016-07-09 08:36:37'),
(11052, 71, 'New Delhi', 'Mumbai', '2016-07-15', 'E', 0, 0, 0, 0.5, '2016-07-09 16:11:37', 'Cheque Book', 0, 11263, '', '', '', '', 71, 250, 0, '', '', NULL, '2016-07-09 09:11:37'),
(11053, 71, 'New Delhi', 'Mumbai', '2016-07-15', 'E', 0, 0, 0, 0.5, '2016-07-09 16:11:37', 'Cheque Book', 0, 11263, '', '', '', '', 71, 250, 0, '', '', 'P11008', '2016-07-09 09:11:37'),
(11054, 11259, 'Jaipur', 'Mumbai', '2016-07-31', 'E', 0, 0, 0, 10, '2016-07-09 14:50:17', 'test desc', 2, 11263, '', '', '', '', 11259, 2750, 11010, '', 'test active', 'P11007', '2016-07-09 09:11:37'),
(11055, 11259, 'Jaipur', 'Mumbai', '2016-07-09', 'E', 0, 0, 0, 10, '2016-07-09 13:56:35', 'tets description', 2, 11325, '', '', '', '', 11259, 2750, 11009, '', '', 'P11006', '2016-07-09 09:11:37'),
(11056, 71, 'New Delhi', 'Mumbai', '2016-07-15', 'E', 0, 0, 0, 0.5, '2016-07-09 16:11:37', 'Cheque Book', 2, 11263, '', '', '', '', 71, 250, 11011, '', '', 'P11008', '2016-07-09 13:45:36'),
(11057, 71, 'New Delhi', 'Mumbai', '2016-07-14', 'E', 0, 0, 0, 9.5, '2016-07-09 20:52:08', 'test', 1, 11263, '', '', '', '', 71, 2750, 11011, '', '', NULL, '2016-07-09 13:52:08'),
(11058, 71, 'New Delhi', 'Mumbai', '2016-07-14', 'E', 0, 0, 0, 9.5, '2016-07-09 20:52:08', 'test', 1, 11263, '', '', '', '', 71, 2750, 11011, '', '', 'P11009', '2016-07-09 13:52:08'),
(11059, 71, 'New Delhi', 'Mumbai', '2016-07-15', 'E', 0, 0, 0, 0.5, '2016-07-09 16:11:37', 'Cheque Book', 2, 11263, '', '', '', '', 71, 250, 11011, '', '', 'P11008', '2016-07-09 13:52:08'),
(11060, 11259, 'Jaipur', 'Mumbai', '2016-07-31', 'E', 0, 0, 0, 10, '2016-07-09 14:50:17', 'test desc', 2, 11263, '', '', '', '', 11259, 2750, 11010, '', 'test active', 'P11007', '2016-07-09 13:52:08'),
(11061, 11259, 'Jaipur', 'Mumbai', '2016-07-09', 'E', 0, 0, 0, 10, '2016-07-09 13:56:35', 'tets description', 2, 11325, '', '', '', '', 11259, 2750, 11009, '', '', 'P11006', '2016-07-09 13:52:08'),
(11062, 71, 'New Delhi', 'Mumbai', '2016-07-14', 'E', 0, 0, 0, 9.5, '2016-07-09 20:52:08', 'test', 2, 11263, '', '', '', '', 71, 2750, 11011, '', '', 'P11009', '2016-07-09 13:53:11'),
(11063, 71, 'New Delhi', 'Mumbai', '2016-07-14', 'P', 0, 0, 0, 1, '2016-07-09 21:52:41', 'Parcel', 1, 11326, '', '', '', '', 71, 500, 11012, '', '', NULL, '2016-07-09 14:52:42'),
(11064, 71, 'New Delhi', 'Mumbai', '2016-07-14', 'P', 0, 0, 0, 1, '2016-07-09 21:52:41', 'Parcel', 1, 11326, '', '', '', '', 71, 500, 11012, '', '', 'P11010', '2016-07-09 14:52:42'),
(11065, 71, 'New Delhi', 'Mumbai', '2016-07-14', 'E', 0, 0, 0, 9.5, '2016-07-09 20:52:08', 'test', 2, 11263, '', '', '', '', 71, 2750, 11011, '', '', 'P11009', '2016-07-09 14:52:42'),
(11066, 71, 'New Delhi', 'Mumbai', '2016-07-15', 'E', 0, 0, 0, 0.5, '2016-07-09 16:11:37', 'Cheque Book', 2, 11263, '', '', '', '', 71, 250, 11011, '', '', 'P11008', '2016-07-09 14:52:42'),
(11067, 11259, 'Jaipur', 'Mumbai', '2016-07-31', 'E', 0, 0, 0, 10, '2016-07-09 14:50:17', 'test desc', 2, 11263, '', '', '', '', 11259, 2750, 11010, '', 'test active', 'P11007', '2016-07-09 14:52:42'),
(11068, 11259, 'Jaipur', 'Mumbai', '2016-07-09', 'E', 0, 0, 0, 10, '2016-07-09 13:56:35', 'tets description', 2, 11325, '', '', '', '', 11259, 2750, 11009, '', '', 'P11006', '2016-07-09 14:52:42'),
(11069, 71, 'New Delhi', 'Mumbai', '2016-07-14', 'P', 0, 0, 0, 1, '2016-07-09 21:52:41', 'Parcel', 2, 11326, '', '', '', '', 71, 500, 11012, '', '', 'P11010', '2016-07-09 14:53:22'),
(11070, 71, 'New Delhi', 'Mumbai', '2016-07-14', 'P', 0, 0, 0, 1, '2016-07-09 21:52:41', 'Parcel', 3, 11326, '', '', '', '', 71, 500, 11012, '', '', 'P11010', '2016-07-09 15:08:47'),
(11071, 71, 'New Delhi', 'Mumbai', '2016-07-14', 'P', 0, 0, 0, 1, '2016-07-09 21:52:41', 'Parcel', 4, 11326, '', '', '', '', 71, 500, 11012, '', '', 'P11010', '2016-07-09 15:14:54'),
(11072, 71, 'New Delhi', 'Mumbai', '2016-07-14', 'P', 0, 0, 0, 1, '2016-07-09 21:52:41', 'Parcel', 5, 11326, '', '', '', '', 11326, 500, 11012, '', 'prompt delivery', 'P11010', '2016-07-09 15:20:42'),
(11073, 71, 'New Delhi', 'Nagpur', '2016-07-14', 'P', 0, 0, 0, 1, '2016-07-11 19:26:40', 'Test', 0, 11327, '', '', '', '', 71, 500, 0, '', '', NULL, '2016-07-11 12:26:41'),
(11074, 71, 'New Delhi', 'Nagpur', '2016-07-14', 'P', 0, 0, 0, 1, '2016-07-11 19:26:40', 'Test', 0, 11327, '', '', '', '', 71, 500, 0, '', '', 'P11011', '2016-07-11 12:26:41'),
(11075, 71, 'New Delhi', 'Mumbai', '2016-07-14', 'P', 0, 0, 0, 1, '2016-07-09 21:52:41', 'Parcel', 5, 11326, '', '', '', '', 11326, 500, 11012, '', 'prompt delivery', 'P11010', '2016-07-11 12:26:41'),
(11076, 71, 'New Delhi', 'Mumbai', '2016-07-14', 'E', 0, 0, 0, 9.5, '2016-07-09 20:52:08', 'test', 2, 11263, '', '', '', '', 71, 2750, 11011, '', '', 'P11009', '2016-07-11 12:26:41'),
(11077, 71, 'New Delhi', 'Mumbai', '2016-07-15', 'E', 0, 0, 0, 0.5, '2016-07-09 16:11:37', 'Cheque Book', 2, 11263, '', '', '', '', 71, 250, 11011, '', '', 'P11008', '2016-07-11 12:26:41'),
(11078, 11259, 'Jaipur', 'Mumbai', '2016-07-31', 'E', 0, 0, 0, 10, '2016-07-09 14:50:17', 'test desc', 2, 11263, '', '', '', '', 11259, 2750, 11010, '', 'test active', 'P11007', '2016-07-11 12:26:41'),
(11079, 11259, 'Jaipur', 'Mumbai', '2016-07-09', 'E', 0, 0, 0, 10, '2016-07-09 13:56:35', 'tets description', 2, 11325, '', '', '', '', 11259, 2750, 11009, '', '', 'P11006', '2016-07-11 12:26:41'),
(11080, 71, 'New Delhi', 'Nagpur', '2016-07-14', 'P', 0, 0, 0, 1, '2016-07-11 19:26:40', 'Test', 2, 11327, '', '', '', '', 71, 500, 11014, '', '', 'P11011', '2016-07-11 13:09:39'),
(11081, 71, 'New Delhi', 'Nagpur', '2016-07-14', 'P', 0, 0, 0, 1, '2016-07-11 19:26:40', 'Test', 9, 11327, '', '', '', '', 11263, 500, 0, '', 'Invalid Sender', 'P11011', '2016-07-11 13:28:35'),
(11082, 71, 'New Delhi', 'Nagpur', '2016-07-14', 'P', 0, 0, 0, 1, '2016-07-11 19:26:40', 'Test', 0, 11327, '', '', '', '', 11111, 500, 0, '', 'Sender has agreed for showing the content', 'P11011', '2016-07-11 13:34:07'),
(11083, 71, 'New Delhi', 'Nagpur', '2016-07-14', 'P', 0, 0, 0, 1, '2016-07-11 19:26:40', 'Test', 2, 11327, '', '', '', '', 71, 500, 11016, '', 'Sender has agreed for showing the content', 'P11011', '2016-07-11 13:36:18'),
(11084, 71, 'New Delhi', 'Nagpur', '2016-07-14', 'P', 0, 0, 0, 1, '2016-07-11 19:26:40', 'Test', 3, 11327, '', '', '', '', 11263, 500, 11016, '', 'Sender has agreed for showing the content', 'P11011', '2016-07-11 13:41:29'),
(11085, 71, 'New Delhi', 'Nagpur', '2016-07-14', 'P', 0, 0, 0, 1, '2016-07-11 19:26:40', 'Test', 4, 11327, '', '', '', '', 11263, 500, 11016, '', 'Sender has agreed for showing the content', 'P11011', '2016-07-11 13:41:57'),
(11086, 71, 'New Delhi', 'Nagpur', '2016-07-14', 'P', 0, 0, 0, 1, '2016-07-11 19:26:40', 'Test', 5, 11327, '', '', '', '', 71, 500, 11016, '', 'Excellent ', 'P11011', '2016-07-11 13:44:23'),
(11087, 71, 'Jaipur', 'Mumbai', '2016-07-12', 'E', 0, 0, 0, 5, '2016-07-12 18:21:22', 'test', 0, 11263, '', '', '', '', 71, 1500, 0, '', '', NULL, '2016-07-12 11:21:22'),
(11088, 71, 'Jaipur', 'Mumbai', '2016-07-12', 'E', 0, 0, 0, 5, '2016-07-12 18:21:22', 'test', 0, 11263, '', '', '', '', 71, 1500, 0, '', '', 'P11012', '2016-07-12 11:21:22'),
(11089, 71, 'New Delhi', 'Nagpur', '2016-07-14', 'P', 0, 0, 0, 1, '2016-07-11 19:26:40', 'Test', 5, 11327, '', '', '', '', 71, 500, 11016, '', 'Excellent ', 'P11011', '2016-07-12 11:21:22'),
(11090, 71, 'New Delhi', 'Mumbai', '2016-07-14', 'P', 0, 0, 0, 1, '2016-07-09 21:52:41', 'Parcel', 5, 11326, '', '', '', '', 11326, 500, 11012, '', 'prompt delivery', 'P11010', '2016-07-12 11:21:22'),
(11091, 71, 'New Delhi', 'Mumbai', '2016-07-14', 'E', 0, 0, 0, 9.5, '2016-07-09 20:52:08', 'test', 2, 11263, '', '', '', '', 71, 2750, 11011, '', '', 'P11009', '2016-07-12 11:21:22'),
(11092, 71, 'New Delhi', 'Mumbai', '2016-07-15', 'E', 0, 0, 0, 0.5, '2016-07-09 16:11:37', 'Cheque Book', 2, 11263, '', '', '', '', 71, 250, 11011, '', '', 'P11008', '2016-07-12 11:21:22'),
(11093, 11259, 'Jaipur', 'Mumbai', '2016-07-31', 'E', 0, 0, 0, 10, '2016-07-09 14:50:17', 'test desc', 2, 11263, '', '', '', '', 11259, 2750, 11010, '', 'test active', 'P11007', '2016-07-12 11:21:22'),
(11094, 11259, 'Jaipur', 'Mumbai', '2016-07-09', 'E', 0, 0, 0, 10, '2016-07-09 13:56:35', 'tets description', 2, 11325, '', '', '', '', 11259, 2750, 11009, '', '', 'P11006', '2016-07-12 11:21:22'),
(11095, 11259, 'Jaipur', 'Mumbai', '2016-07-12', 'E', 0, 0, 0, 10, '2016-07-12 18:50:38', 'test description', 0, 11263, '', '', '', '', 11259, 2750, 0, '', '', NULL, '2016-07-12 11:50:37'),
(11096, 11259, 'Jaipur', 'Mumbai', '2016-07-12', 'E', 0, 0, 0, 10, '2016-07-12 18:50:38', 'test description', 0, 11263, '', '', '', '', 11259, 2750, 0, '', '', 'P11013', '2016-07-12 11:50:37'),
(11097, 71, 'Jaipur', 'Mumbai', '2016-07-12', 'E', 0, 0, 0, 5, '2016-07-12 18:21:22', 'test', 0, 11263, '', '', '', '', 71, 1500, 0, '', '', 'P11012', '2016-07-12 11:50:37'),
(11098, 71, 'New Delhi', 'Nagpur', '2016-07-14', 'P', 0, 0, 0, 1, '2016-07-11 19:26:40', 'Test', 5, 11327, '', '', '', '', 71, 500, 11016, '', 'Excellent ', 'P11011', '2016-07-12 11:50:37'),
(11099, 71, 'New Delhi', 'Mumbai', '2016-07-14', 'P', 0, 0, 0, 1, '2016-07-09 21:52:41', 'Parcel', 5, 11326, '', '', '', '', 11326, 500, 11012, '', 'prompt delivery', 'P11010', '2016-07-12 11:50:37'),
(11100, 71, 'New Delhi', 'Mumbai', '2016-07-14', 'E', 0, 0, 0, 9.5, '2016-07-09 20:52:08', 'test', 2, 11263, '', '', '', '', 71, 2750, 11011, '', '', 'P11009', '2016-07-12 11:50:37'),
(11101, 71, 'New Delhi', 'Mumbai', '2016-07-15', 'E', 0, 0, 0, 0.5, '2016-07-09 16:11:37', 'Cheque Book', 2, 11263, '', '', '', '', 71, 250, 11011, '', '', 'P11008', '2016-07-12 11:50:37'),
(11102, 11259, 'Jaipur', 'Mumbai', '2016-07-31', 'E', 0, 0, 0, 10, '2016-07-09 14:50:17', 'test desc', 2, 11263, '', '', '', '', 11259, 2750, 11010, '', 'test active', 'P11007', '2016-07-12 11:50:37'),
(11103, 11259, 'Jaipur', 'Mumbai', '2016-07-09', 'E', 0, 0, 0, 10, '2016-07-09 13:56:35', 'tets description', 2, 11325, '', '', '', '', 11259, 2750, 11009, '', '', 'P11006', '2016-07-12 11:50:37'),
(11104, 11259, 'Jaipur', 'Mumbai', '2016-07-31', 'E', 0, 0, 0, 10, '2016-07-09 14:50:17', 'test desc', 0, 11263, '', '', '', '', 11259, 2750, 0, '', 'test active', 'P11007', '2016-07-12 11:51:18'),
(11105, 11259, 'Jaipur', 'Mumbai', '2016-07-31', 'E', 0, 0, 0, 10, '2016-07-09 14:50:17', 'test desc', 2, 11263, '', '', '', '', 11259, 2750, 11010, '', 'test active', 'P11007', '2016-07-12 12:22:55'),
(11106, 11259, 'Jaipur', 'Mumbai', '2016-07-31', 'E', 0, 0, 0, 10, '2016-07-09 14:50:17', 'test desc', 0, 11263, '', '', '', '', 11259, 2750, 0, '', 'test active', 'P11007', '2016-07-12 12:23:45'),
(11107, 11259, 'Jaipur', 'Mumbai', '2016-07-31', 'E', 0, 0, 0, 10, '2016-07-09 14:50:17', 'test desc', 2, 11263, '', '', '', '', 11259, 2750, 11010, '', 'test active', 'P11007', '2016-07-12 12:34:49'),
(11108, 11259, 'Jaipur', 'Mumbai', '2016-07-31', 'E', 0, 0, 0, 10, '2016-07-09 14:50:17', 'test desc', 0, 11263, '', '', '', '', 11259, 2750, 0, '', 'test active', 'P11007', '2016-07-12 12:41:21'),
(11109, 11259, 'Jaipur', 'Mumbai', '2016-07-31', 'E', 0, 0, 0, 10, '2016-07-09 14:50:17', 'test desc', 2, 11263, '', '', '', '', 11259, 2750, 11010, '', 'test active', 'P11007', '2016-07-12 12:41:34'),
(11110, 11263, 'Jaipur', 'Mumbai', '2016-07-12', 'B', 10, 20, 25, 2, '2016-07-12 19:43:01', 'test decription', 0, 11259, '', '', '', '', 11263, 750, 0, '', '', NULL, '2016-07-12 12:42:59'),
(11111, 11263, 'Jaipur', 'Mumbai', '2016-07-12', 'B', 10, 20, 25, 2, '2016-07-12 19:43:01', 'test decription', 0, 11259, '', '', '', '', 11263, 750, 0, '', '', 'P11014', '2016-07-12 12:42:59'),
(11112, 11259, 'Jaipur', 'Mumbai', '2016-07-12', 'E', 0, 0, 0, 10, '2016-07-12 18:50:38', 'test description', 0, 11263, '', '', '', '', 11259, 2750, 0, '', '', 'P11013', '2016-07-12 12:42:59'),
(11113, 71, 'Jaipur', 'Mumbai', '2016-07-12', 'E', 0, 0, 0, 5, '2016-07-12 18:21:22', 'test', 0, 11263, '', '', '', '', 71, 1500, 0, '', '', 'P11012', '2016-07-12 12:42:59'),
(11114, 71, 'New Delhi', 'Nagpur', '2016-07-14', 'P', 0, 0, 0, 1, '2016-07-11 19:26:40', 'Test', 5, 11327, '', '', '', '', 71, 500, 11016, '', 'Excellent ', 'P11011', '2016-07-12 12:42:59'),
(11115, 71, 'New Delhi', 'Mumbai', '2016-07-14', 'P', 0, 0, 0, 1, '2016-07-09 21:52:41', 'Parcel', 5, 11326, '', '', '', '', 11326, 500, 11012, '', 'prompt delivery', 'P11010', '2016-07-12 12:42:59'),
(11116, 71, 'New Delhi', 'Mumbai', '2016-07-14', 'E', 0, 0, 0, 9.5, '2016-07-09 20:52:08', 'test', 2, 11263, '', '', '', '', 71, 2750, 11011, '', '', 'P11009', '2016-07-12 12:42:59'),
(11117, 71, 'New Delhi', 'Mumbai', '2016-07-15', 'E', 0, 0, 0, 0.5, '2016-07-09 16:11:37', 'Cheque Book', 2, 11263, '', '', '', '', 71, 250, 11011, '', '', 'P11008', '2016-07-12 12:42:59'),
(11118, 11259, 'Jaipur', 'Mumbai', '2016-07-31', 'E', 0, 0, 0, 10, '2016-07-09 14:50:17', 'test desc', 2, 11263, '', '', '', '', 11259, 2750, 11010, '', 'test active', 'P11007', '2016-07-12 12:42:59'),
(11119, 11259, 'Jaipur', 'Mumbai', '2016-07-09', 'E', 0, 0, 0, 10, '2016-07-09 13:56:35', 'tets description', 2, 11325, '', '', '', '', 11259, 2750, 11009, '', '', 'P11006', '2016-07-12 12:42:59'),
(11120, 11263, 'Jaipur', 'Mumbai', '2016-07-31', 'B', 10, 20, 25, 2, '2016-07-12 19:43:01', 'test decription', 0, 11259, '', '', '', '', 11263, 750, 0, '', '', 'P11014', '2016-07-12 12:43:15'),
(11121, 11263, 'Jaipur', 'Mumbai', '2016-07-31', 'B', 10, 20, 25, 2, '2016-07-12 19:43:01', 'test decription', 2, 11259, '', '', '', '', 11263, 750, 11013, '', '', 'P11014', '2016-07-12 12:44:51'),
(11122, 11263, 'Jaipur', 'Mumbai', '2016-07-31', 'B', 10, 20, 25, 2, '2016-07-12 19:43:01', 'test decription', 0, 11259, '', '', '', '', 11263, 750, 0, '', '', 'P11014', '2016-07-12 12:45:31'),
(11123, 11263, 'Jaipur', 'Mumbai', '2016-07-31', 'B', 10, 20, 25, 3, '2016-07-12 19:43:01', 'test decription', 0, 11259, '', '', '', '', 11263, 1000, 0, '', '', 'P11014', '2016-07-12 12:45:53'),
(11124, 11263, 'Jaipur', 'Mumbai', '2016-07-31', 'B', 10, 20, 25, 3, '2016-07-12 19:43:01', 'test decription', 2, 11259, '', '', '', '', 11263, 1000, 11013, '', '', 'P11014', '2016-07-12 12:47:19'),
(11125, 11263, 'Jaipur', 'Mumbai', '2016-07-31', 'B', 10, 20, 25, 3, '2016-07-12 19:43:01', 'test decription', 0, 11259, '', '', '', '', 11263, 1000, 0, '', '', 'P11014', '2016-07-12 12:47:40'),
(11126, 11263, 'Jaipur', 'Mumbai', '2016-07-31', 'B', 10, 20, 25, 4, '2016-07-12 19:43:01', 'test decription', 0, 11259, '', '', '', '', 11263, 1250, 0, '', '', 'P11014', '2016-07-12 12:47:50'),
(11127, 11263, 'Jaipur', 'Mumbai', '2016-07-31', 'B', 10, 20, 25, 4, '2016-07-12 19:43:01', 'test decription', 2, 11259, '', '', '', '', 11263, 1250, 11013, '', '', 'P11014', '2016-07-12 12:48:10'),
(11128, 11259, 'Jaipur', 'Mumbai', '2016-07-31', 'E', 0, 0, 0, 10, '2016-07-12 18:50:38', 'test description', 0, 11263, '', '', '', '', 11259, 2750, 0, '', '', 'P11013', '2016-07-13 04:53:20'),
(11129, 11259, 'Jaipur', 'Mumbai', '2016-07-31', 'E', 0, 0, 0, 1, '2016-07-12 18:50:38', 'test description', 0, 11263, '', '', '', '', 11259, 2750, 0, '', '', 'P11013', '2016-07-13 04:53:29'),
(11130, 11259, 'Jaipur', 'Mumbai', '2016-07-31', 'E', 0, 0, 0, 1, '2016-07-12 18:50:38', 'test description', 2, 11263, '', '', '', '', 11259, 2750, 11013, '', '', 'P11013', '2016-07-13 04:53:38'),
(11131, 11259, 'Jaipur', 'Mumbai', '2016-07-31', 'E', 0, 0, 0, 10, '2016-07-09 14:50:17', 'test desc', 9, 11263, '', '', '', '', 11259, 2750, 0, '', 'test reject by    ss jain', 'P11007', '2016-07-13 04:54:18'),
(11132, 11259, 'Jaipur', 'Mumbai', '2016-07-31', 'E', 0, 0, 0, 10, '2016-07-09 14:50:17', 'test desc', 9, 11263, '', '', '', '', 11259, 2750, 0, '', 'test reject by    ss jain', 'P11007', '2016-07-13 05:04:02'),
(11133, 11259, 'Jaipur', 'Mumbai', '2016-07-31', 'E', 0, 0, 0, 8, '2016-07-09 14:50:17', 'test desc', 9, 11263, '', '', '', '', 11259, 2250, 0, '', 'test reject by    ss jain', 'P11007', '2016-07-13 05:04:32'),
(11134, 11259, 'Jaipur', 'Mumbai', '2016-07-31', 'E', 0, 0, 0, 8, '2016-07-09 14:50:17', 'test desc', 0, 11263, '', '', '', '', 11259, 2250, 0, '', 'test reject by    ss jain', 'P11007', '2016-07-13 05:06:55'),
(11135, 11259, 'Jaipur', 'Mumbai', '2016-07-31', 'E', 0, 0, 0, 8, '2016-07-09 14:50:17', 'test desc', 2, 11263, '', '', '', '', 11259, 2250, 11010, '', 'test reject by    ss jain', 'P11007', '2016-07-13 05:07:11'),
(11136, 11259, 'Jaipur', 'Mumbai', '2016-07-31', 'E', 0, 0, 0, 8, '2016-07-09 14:50:17', 'test desc', 9, 11263, '', '', '', '', 11259, 2250, 0, '', 'test new reject', 'P11007', '2016-07-13 05:09:10'),
(11137, 11259, 'Jaipur', 'Mumbai', '2016-07-31', 'E', 0, 0, 0, 8, '2016-07-09 14:50:17', 'test desc', 0, 11263, '', '', '', '', 11111, 2250, 0, '', 'due to genuine  ', 'P11007', '2016-07-13 05:10:34'),
(11138, 11259, 'Jaipur', 'Mumbai', '2016-07-31', 'E', 0, 0, 0, 8, '2016-07-09 14:50:17', 'test desc', 2, 11263, '', '', '', '', 11259, 2250, 11010, '', 'due to genuine  ', 'P11007', '2016-07-13 05:11:24'),
(11139, 71, 'New Delhi', 'Mumbai', '2016-07-15', 'E', 0, 0, 0, 0.5, '2016-07-09 16:11:37', 'Cheque Book', 3, 11263, '', '', '', '', 11263, 250, 11011, '', '', 'P11008', '2016-07-13 09:44:34'),
(11140, 71, 'New Delhi', 'Mumbai', '2016-07-14', 'E', 0, 0, 0, 9.5, '2016-07-09 20:52:08', 'test', 3, 11263, '', '', '', '', 11263, 2750, 11011, '', '', 'P11009', '2016-07-13 09:44:39'),
(11141, 11259, 'Jaipur', 'Mumbai', '2016-07-31', 'E', 0, 0, 0, 8, '2016-07-09 14:50:17', 'test desc', 3, 11263, '', '', '', '', 11259, 2250, 11010, '', 'due to genuine  ', 'P11007', '2016-07-13 09:47:25'),
(11142, 11259, 'Jaipur', 'Mumbai', '2016-07-31', 'E', 0, 0, 0, 8, '2016-07-09 14:50:17', 'test desc', 4, 11263, '', '', '', '', 11259, 2250, 11010, '', 'due to genuine  ', 'P11007', '2016-07-13 10:02:58'),
(11143, 11259, 'Jaipur', 'Mumbai', '2016-07-31', 'E', 0, 0, 0, 8, '2016-07-09 14:50:17', 'test desc', 5, 11263, '', '', '', '', 11263, 2250, 11010, '', 'test feedback by receiver', 'P11007', '2016-07-13 10:04:53'),
(11144, 71, 'jaipur', 'mumbai', '2016-07-25', 'E', 0, 0, 0, 8, '2016-07-20 11:24:46', 'test', 0, 11263, '', '', '', '', 71, 2250, 0, '', '', NULL, '2016-07-20 04:24:46'),
(11145, 71, 'jaipur', 'mumbai', '2016-07-25', 'E', 0, 0, 0, 8, '2016-07-20 11:24:46', 'test', 0, 11263, '', '', '', '', 71, 2250, 0, '', '', 'P11015', '2016-07-20 04:24:46'),
(11146, 11263, 'Jaipur', 'Mumbai', '2016-07-31', 'B', 10, 20, 25, 4, '2016-07-12 19:43:01', 'test decription', 2, 11259, '', '', '', '', 11263, 1250, 11013, '', '', 'P11014', '2016-07-20 04:24:46'),
(11147, 11259, 'Jaipur', 'Mumbai', '2016-07-31', 'E', 0, 0, 0, 1, '2016-07-12 18:50:38', 'test description', 2, 11263, '', '', '', '', 11259, 2750, 11013, '', '', 'P11013', '2016-07-20 04:24:46'),
(11148, 71, 'Jaipur', 'Mumbai', '2016-07-12', 'E', 0, 0, 0, 5, '2016-07-12 18:21:22', 'test', 0, 11263, '', '', '', '', 71, 1500, 0, '', '', 'P11012', '2016-07-20 04:24:46'),
(11149, 71, 'New Delhi', 'Nagpur', '2016-07-14', 'P', 0, 0, 0, 1, '2016-07-11 19:26:40', 'Test', 5, 11327, '', '', '', '', 71, 500, 11016, '', 'Excellent ', 'P11011', '2016-07-20 04:24:46'),
(11150, 71, 'New Delhi', 'Mumbai', '2016-07-14', 'P', 0, 0, 0, 1, '2016-07-09 21:52:41', 'Parcel', 5, 11326, '', '', '', '', 11326, 500, 11012, '', 'prompt delivery', 'P11010', '2016-07-20 04:24:46'),
(11151, 71, 'New Delhi', 'Mumbai', '2016-07-14', 'E', 0, 0, 0, 9.5, '2016-07-09 20:52:08', 'test', 3, 11263, '', '', '', '', 11263, 2750, 11011, '', '', 'P11009', '2016-07-20 04:24:46'),
(11152, 71, 'New Delhi', 'Mumbai', '2016-07-15', 'E', 0, 0, 0, 0.5, '2016-07-09 16:11:37', 'Cheque Book', 3, 11263, '', '', '', '', 11263, 250, 11011, '', '', 'P11008', '2016-07-20 04:24:46'),
(11153, 11259, 'Jaipur', 'Mumbai', '2016-07-31', 'E', 0, 0, 0, 8, '2016-07-09 14:50:17', 'test desc', 5, 11263, '', '', '', '', 11263, 2250, 11010, '', 'test feedback by receiver', 'P11007', '2016-07-20 04:24:46'),
(11154, 11259, 'Jaipur', 'Mumbai', '2016-07-09', 'E', 0, 0, 0, 10, '2016-07-09 13:56:35', 'tets description', 2, 11325, '', '', '', '', 11259, 2750, 11009, '', '', 'P11006', '2016-07-20 04:24:46'),
(11155, 71, 'Jaipur', 'New Delhi', '2016-07-20', 'E', 0, 0, 0, 10, '2016-07-20 23:19:06', 'test', 0, 11263, '', '', '', '', 71, 2750, 0, '', '', NULL, '2016-07-20 16:19:06'),
(11156, 71, 'Jaipur', 'New Delhi', '2016-07-20', 'E', 0, 0, 0, 10, '2016-07-20 23:19:06', 'test', 0, 11263, '', '', '', '', 71, 2750, 0, '', '', 'P11016', '2016-07-20 16:19:06'),
(11157, 71, 'jaipur', 'mumbai', '2016-07-25', 'E', 0, 0, 0, 8, '2016-07-20 11:24:46', 'test', 0, 11263, '', '', '', '', 71, 2250, 0, '', '', 'P11015', '2016-07-20 16:19:06'),
(11158, 11263, 'Jaipur', 'Mumbai', '2016-07-31', 'B', 10, 20, 25, 4, '2016-07-12 19:43:01', 'test decription', 2, 11259, '', '', '', '', 11263, 1250, 11013, '', '', 'P11014', '2016-07-20 16:19:06'),
(11159, 11259, 'Jaipur', 'Mumbai', '2016-07-31', 'E', 0, 0, 0, 1, '2016-07-12 18:50:38', 'test description', 2, 11263, '', '', '', '', 11259, 2750, 11013, '', '', 'P11013', '2016-07-20 16:19:06'),
(11160, 71, 'Jaipur', 'Mumbai', '2016-07-12', 'E', 0, 0, 0, 5, '2016-07-12 18:21:22', 'test', 0, 11263, '', '', '', '', 71, 1500, 0, '', '', 'P11012', '2016-07-20 16:19:06'),
(11161, 71, 'New Delhi', 'Nagpur', '2016-07-14', 'P', 0, 0, 0, 1, '2016-07-11 19:26:40', 'Test', 5, 11327, '', '', '', '', 71, 500, 11016, '', 'Excellent ', 'P11011', '2016-07-20 16:19:06'),
(11162, 71, 'New Delhi', 'Mumbai', '2016-07-14', 'P', 0, 0, 0, 1, '2016-07-09 21:52:41', 'Parcel', 5, 11326, '', '', '', '', 11326, 500, 11012, '', 'prompt delivery', 'P11010', '2016-07-20 16:19:06'),
(11163, 71, 'New Delhi', 'Mumbai', '2016-07-14', 'E', 0, 0, 0, 9.5, '2016-07-09 20:52:08', 'test', 3, 11263, '', '', '', '', 11263, 2750, 11011, '', '', 'P11009', '2016-07-20 16:19:06'),
(11164, 71, 'New Delhi', 'Mumbai', '2016-07-15', 'E', 0, 0, 0, 0.5, '2016-07-09 16:11:37', 'Cheque Book', 3, 11263, '', '', '', '', 11263, 250, 11011, '', '', 'P11008', '2016-07-20 16:19:06'),
(11165, 11259, 'Jaipur', 'Mumbai', '2016-07-31', 'E', 0, 0, 0, 8, '2016-07-09 14:50:17', 'test desc', 5, 11263, '', '', '', '', 11263, 2250, 11010, '', 'test feedback by receiver', 'P11007', '2016-07-20 16:19:06'),
(11166, 11263, 'Jaipur', 'Mumbai', '2016-07-31', 'B', 10, 20, 25, 4, '2016-07-12 19:43:01', 'test decription', 5, 11259, '', '', '', '', 11259, 1250, 11013, '', 'dddd', 'P11014', '2016-07-22 07:35:58'),
(11167, 71, 'jaipur', 'mumbai', '2016-07-25', 'E', 0, 0, 0, 8, '2016-07-20 11:24:46', 'test', 0, 11263, '', '', '', '', 71, 2250, 0, '', '', 'P11015', '2016-07-23 09:13:56'),
(11168, 11259, 'Jaipur', 'Mumbai', '2016-07-23', 'B', 10, 20, 20, 5, '2016-07-23 16:18:45', 'test parcel', 0, 11325, '', '', '', '', 11259, 1500, 0, '', '', NULL, '2016-07-23 09:18:37'),
(11169, 11259, 'Jaipur', 'Mumbai', '2016-07-23', 'B', 10, 20, 20, 5, '2016-07-23 16:18:45', 'test parcel', 0, 11325, '', '', '', '', 11259, 1500, 0, '', '', 'P11017', '2016-07-23 09:18:37'),
(11170, 11259, 'Jaipur', 'Mumbai', '2016-07-31', 'B', 10, 20, 20, 5, '2016-07-23 16:18:45', 'test parcel', 0, 11325, '', '', '', '', 11259, 1500, 0, '', '', 'P11017', '2016-07-23 09:20:35'),
(11171, 11259, 'Jaipur', 'Thailand', '2016-07-27', 'E', 0, 0, 0, 5, '2016-07-23 16:53:34', 'test descriptiion', 1, 11263, '', '', '', '', 11259, 1500, 11020, '', '', NULL, '2016-07-23 09:53:26'),
(11172, 11259, 'Jaipur', 'Thailand', '2016-07-27', 'E', 0, 0, 0, 5, '2016-07-23 16:53:34', 'test descriptiion', 1, 11263, '', '', '', '', 11259, 1500, 11020, '', '', 'P11018', '2016-07-23 09:53:26'),
(11173, 11259, 'Jaipur', 'Mumbai', '2016-07-31', 'B', 10, 20, 20, 5, '2016-07-23 16:18:45', 'test parcel', 0, 11325, '', '', '', '', 11259, 1500, 0, '', '', 'P11017', '2016-07-23 09:53:26'),
(11174, 11259, 'Jaipur', 'Thailand', '2016-07-27', 'E', 0, 0, 0, 5, '2016-07-23 16:53:34', 'test descriptiion', 2, 11263, '', '', '', '', 11259, 1500, 11020, '', '', 'P11018', '2016-07-23 10:04:12'),
(11175, 11259, 'Jaipur', 'Thailand', '2016-07-23', 'E', 0, 0, 0, 1, '2016-07-23 17:28:40', 'test', 0, 11263, '', '', '', '', 11259, 500, 0, '', '', NULL, '2016-07-23 10:28:31'),
(11176, 11259, 'Jaipur', 'Thailand', '2016-07-23', 'E', 0, 0, 0, 1, '2016-07-23 17:28:40', 'test', 0, 11263, '', '', '', '', 11259, 500, 0, '', '', 'P11019', '2016-07-23 10:28:31'),
(11177, 11259, 'Jaipur', 'Thailand', '2016-07-27', 'E', 0, 0, 0, 5, '2016-07-23 16:53:34', 'test descriptiion', 2, 11263, '', '', '', '', 11259, 1500, 11020, '', '', 'P11018', '2016-07-23 10:28:31'),
(11178, 11259, 'Jaipur', 'Mumbai', '2016-07-31', 'B', 10, 20, 20, 5, '2016-07-23 16:18:45', 'test parcel', 0, 11325, '', '', '', '', 11259, 1500, 0, '', '', 'P11017', '2016-07-23 10:28:31'),
(11179, 11259, 'Jaipur', 'Thailand', '2016-07-23', 'E', 0, 0, 0, 1, '2016-07-23 17:28:40', 'test', 0, 11263, '', '', '', '', 11259, 500, 0, '', '', 'P11019', '2016-07-23 10:29:10'),
(11180, 11259, 'Jaipur', 'Thailand', '2016-07-23', 'E', 0, 0, 0, 1, '2016-07-23 17:28:40', 'test', 1, 11263, '', '', '', '', 11259, 500, 11021, '', '', 'P11019', '2016-07-23 10:36:51'),
(11181, 11259, 'Jaipur', 'Thailand', '2016-07-23', 'E', 0, 0, 0, 1, '2016-07-23 17:28:40', 'test', 2, 11263, '', '', '', '', 11259, 500, 11021, '', '', 'P11019', '2016-07-23 10:37:38'),
(11182, 71, 'Jaipur', 'Thailand', '2016-07-27', 'E', 0, 0, 0, 5, '2016-07-23 17:53:21', 'test', 1, 11263, '', '', '', '', 71, 1500, 11020, '', '', NULL, '2016-07-23 10:53:21'),
(11183, 71, 'Jaipur', 'Thailand', '2016-07-27', 'E', 0, 0, 0, 5, '2016-07-23 17:53:21', 'test', 1, 11263, '', '', '', '', 71, 1500, 11020, '', '', 'P11020', '2016-07-23 10:53:21'),
(11184, 11259, 'Jaipur', 'Thailand', '2016-07-23', 'E', 0, 0, 0, 1, '2016-07-23 17:28:40', 'test', 2, 11263, '', '', '', '', 11259, 500, 11021, '', '', 'P11019', '2016-07-23 10:53:21'),
(11185, 11259, 'Jaipur', 'Thailand', '2016-07-27', 'E', 0, 0, 0, 5, '2016-07-23 16:53:34', 'test descriptiion', 2, 11263, '', '', '', '', 11259, 1500, 11020, '', '', 'P11018', '2016-07-23 10:53:21'),
(11186, 11259, 'Jaipur', 'Mumbai', '2016-07-31', 'B', 10, 20, 20, 5, '2016-07-23 16:18:45', 'test parcel', 0, 11325, '', '', '', '', 11259, 1500, 0, '', '', 'P11017', '2016-07-23 10:53:21'),
(11187, 71, 'Jaipur', 'Thailand', '2016-07-27', 'E', 0, 0, 0, 5, '2016-07-23 17:53:21', 'test', 2, 11263, '', '', '', '', 71, 1500, 11020, '', '', 'P11020', '2016-07-23 10:54:18'),
(11188, 71, 'New Delhi', 'Mumbai', '2016-08-10', 'E', 0, 0, 0, 1, '2016-08-05 13:11:18', 'Envelope with Book', 0, 11283, '', '', '', '', 71, 500, 0, '', '', NULL, '2016-08-05 06:11:19'),
(11189, 71, 'New Delhi', 'Mumbai', '2016-08-10', 'E', 0, 0, 0, 1, '2016-08-05 13:11:18', 'Envelope with Book', 0, 11283, '', '', '', '', 71, 500, 0, '', '', 'P11021', '2016-08-05 06:11:19'),
(11190, 71, 'Jaipur', 'Thailand', '2016-07-27', 'E', 0, 0, 0, 5, '2016-07-23 17:53:21', 'test', 2, 11263, '', '', '', '', 71, 1500, 11020, '', '', 'P11020', '2016-08-05 06:11:19'),
(11191, 11259, 'Jaipur', 'Thailand', '2016-07-23', 'E', 0, 0, 0, 1, '2016-07-23 17:28:40', 'test', 2, 11263, '', '', '', '', 11259, 500, 11021, '', '', 'P11019', '2016-08-05 06:11:19'),
(11192, 11259, 'Jaipur', 'Thailand', '2016-07-27', 'E', 0, 0, 0, 5, '2016-07-23 16:53:34', 'test descriptiion', 2, 11263, '', '', '', '', 11259, 1500, 11020, '', '', 'P11018', '2016-08-05 06:11:19'),
(11193, 11259, 'Jaipur', 'Mumbai', '2016-07-31', 'B', 10, 20, 20, 5, '2016-07-23 16:18:45', 'test parcel', 0, 11325, '', '', '', '', 11259, 1500, 0, '', '', 'P11017', '2016-08-05 06:11:19'),
(11194, 71, 'New Delhi', 'Mumbai', '2016-08-10', 'E', 0, 0, 0, 1, '2016-08-05 13:11:18', 'Envelope with Book', 1, 11283, '', '', '', '', 11246, 500, 11023, '', '', 'P11021', '2016-08-05 10:23:32'),
(11195, 71, 'New Delhi', 'Mumbai', '2016-08-10', 'E', 0, 0, 0, 1, '2016-08-05 13:11:18', 'Envelope with Book', 2, 11283, '', '', '', '', 71, 500, 11023, '', '', 'P11021', '2016-08-05 11:10:08'),
(11196, 71, 'New Delhi', 'Mumbai', '2016-08-10', 'E', 0, 0, 0, 1, '2016-08-05 13:11:18', 'Envelope with Book', 3, 11283, '', '', '', '', 11246, 500, 11023, '', '', 'P11021', '2016-08-05 11:18:16'),
(11197, 11259, 'New Delhi', 'Mumbai', '2016-08-09', 'E', 0, 0, 0, 1, '2016-08-05 23:11:22', 'test description', 1, 11325, '', '', '', '', 11259, 500, 11023, '', '', NULL, '2016-08-05 16:11:21'),
(11198, 11259, 'New Delhi', 'Mumbai', '2016-08-09', 'E', 0, 0, 0, 1, '2016-08-05 23:11:22', 'test description', 1, 11325, '', '', '', '', 11259, 500, 11023, '', '', 'P11022', '2016-08-05 16:11:21'),
(11199, 71, 'New Delhi', 'Mumbai', '2016-08-10', 'E', 0, 0, 0, 1, '2016-08-05 13:11:18', 'Envelope with Book', 3, 11283, '', '', '', '', 11246, 500, 11023, '', '', 'P11021', '2016-08-05 16:11:21'),
(11200, 71, 'Jaipur', 'Thailand', '2016-07-27', 'E', 0, 0, 0, 5, '2016-07-23 17:53:21', 'test', 2, 11263, '', '', '', '', 71, 1500, 11020, '', '', 'P11020', '2016-08-05 16:11:21'),
(11201, 11259, 'Jaipur', 'Thailand', '2016-07-23', 'E', 0, 0, 0, 1, '2016-07-23 17:28:40', 'test', 2, 11263, '', '', '', '', 11259, 500, 11021, '', '', 'P11019', '2016-08-05 16:11:21'),
(11202, 11259, 'Jaipur', 'Thailand', '2016-07-27', 'E', 0, 0, 0, 5, '2016-07-23 16:53:34', 'test descriptiion', 2, 11263, '', '', '', '', 11259, 1500, 11020, '', '', 'P11018', '2016-08-05 16:11:21'),
(11203, 11259, 'Jaipur', 'Mumbai', '2016-07-31', 'B', 10, 20, 20, 5, '2016-07-23 16:18:45', 'test parcel', 0, 11325, '', '', '', '', 11259, 1500, 0, '', '', 'P11017', '2016-08-05 16:11:21'),
(11204, 11330, 'New Delhi', 'Chennai', '2016-08-10', 'E', 0, 0, 0, 1, '2016-08-06 08:39:16', 'documents', 1, 71, '', '', '', '', 11330, 500, 11024, '', '', NULL, '2016-08-06 01:39:28'),
(11205, 11330, 'New Delhi', 'Chennai', '2016-08-10', 'E', 0, 0, 0, 1, '2016-08-06 08:39:16', 'documents', 1, 71, '', '', '', '', 11330, 500, 11024, '', '', 'P11023', '2016-08-06 01:39:28'),
(11206, 11259, 'New Delhi', 'Mumbai', '2016-08-09', 'E', 0, 0, 0, 1, '2016-08-05 23:11:22', 'test description', 1, 11325, '', '', '', '', 11259, 500, 11023, '', '', 'P11022', '2016-08-06 01:39:28'),
(11207, 71, 'New Delhi', 'Mumbai', '2016-08-10', 'E', 0, 0, 0, 1, '2016-08-05 13:11:18', 'Envelope with Book', 3, 11283, '', '', '', '', 11246, 500, 11023, '', '', 'P11021', '2016-08-06 01:39:28'),
(11208, 71, 'Jaipur', 'Thailand', '2016-07-27', 'E', 0, 0, 0, 5, '2016-07-23 17:53:21', 'test', 2, 11263, '', '', '', '', 71, 1500, 11020, '', '', 'P11020', '2016-08-06 01:39:28'),
(11209, 11259, 'Jaipur', 'Thailand', '2016-07-23', 'E', 0, 0, 0, 1, '2016-07-23 17:28:40', 'test', 2, 11263, '', '', '', '', 11259, 500, 11021, '', '', 'P11019', '2016-08-06 01:39:28'),
(11210, 11259, 'Jaipur', 'Thailand', '2016-07-27', 'E', 0, 0, 0, 5, '2016-07-23 16:53:34', 'test descriptiion', 2, 11263, '', '', '', '', 11259, 1500, 11020, '', '', 'P11018', '2016-08-06 01:39:28'),
(11211, 11259, 'Jaipur', 'Mumbai', '2016-07-31', 'B', 10, 20, 20, 5, '2016-07-23 16:18:45', 'test parcel', 0, 11325, '', '', '', '', 11259, 1500, 0, '', '', 'P11017', '2016-08-06 01:39:28'),
(11212, 11259, 'New Delhi', 'Mumbai', '2016-08-09', 'P', 0, 0, 0, 9, '2016-08-06 12:19:36', 'test desc', 1, 11325, '', '', '', '', 11259, 2500, 11023, '', '', NULL, '2016-08-06 05:19:28'),
(11213, 11259, 'New Delhi', 'Mumbai', '2016-08-09', 'P', 0, 0, 0, 9, '2016-08-06 12:19:36', 'test desc', 1, 11325, '', '', '', '', 11259, 2500, 11023, '', '', 'P11024', '2016-08-06 05:19:28'),
(11214, 11330, 'New Delhi', 'Chennai', '2016-08-10', 'E', 0, 0, 0, 1, '2016-08-06 08:39:16', 'documents', 1, 71, '', '', '', '', 11330, 500, 11024, '', '', 'P11023', '2016-08-06 05:19:28'),
(11215, 11259, 'New Delhi', 'Mumbai', '2016-08-09', 'E', 0, 0, 0, 1, '2016-08-05 23:11:22', 'test description', 1, 11325, '', '', '', '', 11259, 500, 11023, '', '', 'P11022', '2016-08-06 05:19:28'),
(11216, 71, 'New Delhi', 'Mumbai', '2016-08-10', 'E', 0, 0, 0, 1, '2016-08-05 13:11:18', 'Envelope with Book', 3, 11283, '', '', '', '', 11246, 500, 11023, '', '', 'P11021', '2016-08-06 05:19:28'),
(11217, 71, 'Jaipur', 'Thailand', '2016-07-27', 'E', 0, 0, 0, 5, '2016-07-23 17:53:21', 'test', 2, 11263, '', '', '', '', 71, 1500, 11020, '', '', 'P11020', '2016-08-06 05:19:28'),
(11218, 11259, 'Jaipur', 'Thailand', '2016-07-23', 'E', 0, 0, 0, 1, '2016-07-23 17:28:40', 'test', 2, 11263, '', '', '', '', 11259, 500, 11021, '', '', 'P11019', '2016-08-06 05:19:28'),
(11219, 11259, 'Jaipur', 'Thailand', '2016-07-27', 'E', 0, 0, 0, 5, '2016-07-23 16:53:34', 'test descriptiion', 2, 11263, '', '', '', '', 11259, 1500, 11020, '', '', 'P11018', '2016-08-06 05:19:28'),
(11220, 11259, 'Jaipur', 'Mumbai', '2016-07-31', 'B', 10, 20, 20, 5, '2016-07-23 16:18:45', 'test parcel', 0, 11325, '', '', '', '', 11259, 1500, 0, '', '', 'P11017', '2016-08-06 05:19:28'),
(11221, 11259, 'New Delhi', 'Mumbai', '2016-08-09', 'P', 0, 0, 0, 9, '2016-08-06 12:19:36', 'test desc', 2, 11325, '', '', '', '', 11259, 2500, 11023, '', '', 'P11024', '2016-08-06 05:19:44'),
(11222, 11259, 'New Delhi', 'Mumbai', '2016-08-09', 'P', 0, 0, 0, 9, '2016-08-06 12:19:36', 'test desc', 3, 11325, '', '', '', '', 11246, 2500, 11023, '', '', 'P11024', '2016-08-06 05:21:22'),
(11223, 71, 'New Delhi', 'Mumbai', '2016-08-10', 'E', 0, 0, 0, 1, '2016-08-05 13:11:18', 'Envelope with Book', 4, 11283, '', '', '', '', 11246, 500, 11023, '', '', 'P11021', '2016-08-06 05:21:38'),
(11224, 11259, 'New Delhi', 'Mumbai', '2016-08-09', 'P', 0, 0, 0, 9, '2016-08-06 12:19:36', 'test desc', 4, 11325, '', '', '', '', 11246, 2500, 11023, '', '', 'P11024', '2016-08-06 05:21:43'),
(11225, 11259, 'New Delhi', 'Chennai', '2016-08-28', 'B', 10, 220, 2, 2, '2016-08-06 13:41:27', 'test desc', 0, 11325, '', '', '', '', 11259, 750, 0, '', '', NULL, '2016-08-06 06:41:19'),
(11226, 11259, 'New Delhi', 'Chennai', '2016-08-28', 'B', 10, 220, 2, 2, '2016-08-06 13:41:27', 'test desc', 0, 11325, '', '', '', '', 11259, 750, 0, '', '', 'P11025', '2016-08-06 06:41:19'),
(11227, 11259, 'New Delhi', 'Mumbai', '2016-08-09', 'P', 0, 0, 0, 9, '2016-08-06 12:19:36', 'test desc', 4, 11325, '', '', '', '', 11246, 2500, 11023, '', '', 'P11024', '2016-08-06 06:41:19'),
(11228, 11330, 'New Delhi', 'Chennai', '2016-08-10', 'E', 0, 0, 0, 1, '2016-08-06 08:39:16', 'documents', 1, 71, '', '', '', '', 11330, 500, 11024, '', '', 'P11023', '2016-08-06 06:41:19'),
(11229, 11259, 'New Delhi', 'Mumbai', '2016-08-09', 'E', 0, 0, 0, 1, '2016-08-05 23:11:22', 'test description', 1, 11325, '', '', '', '', 11259, 500, 11023, '', '', 'P11022', '2016-08-06 06:41:19'),
(11230, 71, 'New Delhi', 'Mumbai', '2016-08-10', 'E', 0, 0, 0, 1, '2016-08-05 13:11:18', 'Envelope with Book', 4, 11283, '', '', '', '', 11246, 500, 11023, '', '', 'P11021', '2016-08-06 06:41:19'),
(11231, 71, 'Jaipur', 'Thailand', '2016-07-27', 'E', 0, 0, 0, 5, '2016-07-23 17:53:21', 'test', 2, 11263, '', '', '', '', 71, 1500, 11020, '', '', 'P11020', '2016-08-06 06:41:19'),
(11232, 11259, 'Jaipur', 'Thailand', '2016-07-23', 'E', 0, 0, 0, 1, '2016-07-23 17:28:40', 'test', 2, 11263, '', '', '', '', 11259, 500, 11021, '', '', 'P11019', '2016-08-06 06:41:19'),
(11233, 11259, 'Jaipur', 'Thailand', '2016-07-27', 'E', 0, 0, 0, 5, '2016-07-23 16:53:34', 'test descriptiion', 2, 11263, '', '', '', '', 11259, 1500, 11020, '', '', 'P11018', '2016-08-06 06:41:19'),
(11234, 11259, 'Jaipur', 'Mumbai', '2016-07-31', 'B', 10, 20, 20, 5, '2016-07-23 16:18:45', 'test parcel', 0, 11325, '', '', '', '', 11259, 1500, 0, '', '', 'P11017', '2016-08-06 06:41:19'),
(11235, 11259, 'New Delhi', 'Chennai', '2016-08-28', 'B', 10, 220, 2, 2, '2016-08-06 13:41:27', 'test desc', 1, 11325, '', '', '', '', 11246, 750, 11024, '', '', 'P11025', '2016-08-06 07:54:13'),
(11236, 11259, 'New Delhi', 'Mumbai', '2016-08-09', 'P', 0, 0, 0, 9, '2016-08-06 12:19:36', 'test desc', 7, 11325, '', '', '', '', 11259, 2500, 11023, '', 'not received', 'P11024', '2016-08-06 09:40:30'),
(11237, 11259, 'New Delhi', 'Mumbai', '2016-08-09', 'E', 0, 0, 0, 1, '2016-08-05 23:11:22', 'test description', 2, 11325, '', '', '', '', 11259, 500, 11023, '', '', 'P11022', '2016-08-06 09:43:32'),
(11238, 11259, 'New Delhi', 'Mumbai', '2016-08-09', 'E', 0, 0, 0, 1, '2016-08-05 23:11:22', 'test description', 0, 11325, '', '', '', '', 11259, 500, 0, '', '', 'P11022', '2016-08-06 09:43:47'),
(11239, 71, 'New Delhi', 'Mumbai', '2016-08-10', 'E', 0, 0, 0, 1, '2016-08-05 13:11:18', 'Envelope with Book', 0, 11283, '', '', '', '', 11246, 500, 0, '', '', 'P11021', '2016-08-06 10:36:57'),
(11240, 11259, 'New Delhi', 'Mumbai', '2016-08-09', 'P', 0, 0, 0, 9, '2016-08-06 12:19:36', 'test desc', 0, 11325, '', '', '', '', 11246, 2500, 0, '', 'not received', 'P11024', '2016-08-06 10:36:57'),
(11241, 11259, 'New Delhi', 'Mumbai', '2016-08-09', 'E', 0, 0, 0, 1, '2016-08-05 23:11:22', 'test description', 2, 11325, '', '', '', '', 11259, 500, 11023, '', '', 'P11022', '2016-08-06 10:39:19'),
(11242, 11259, 'New Delhi', 'Mumbai', '2016-08-09', 'E', 0, 0, 0, 1, '2016-08-05 23:11:22', 'test description', 0, 11325, '', '', '', '', 11259, 500, 0, '', '', 'P11022', '2016-08-06 10:45:15'),
(11243, 11259, 'New Delhi', 'Mumbai', '2016-08-09', 'E', 0, 0, 0, 1, '2016-08-05 23:11:22', 'test description', 2, 11325, '', '', '', '', 11259, 500, 11023, '', '', 'P11022', '2016-08-06 10:55:41'),
(11244, 11259, 'New Delhi', 'Mumbai', '2016-08-09', 'E', 0, 0, 0, 1, '2016-08-05 23:11:22', 'test description', 0, 11325, '', '', '', '', 11259, 500, 0, '', '', 'P11022', '2016-08-06 10:55:52'),
(11245, 11259, 'New Delhi', 'Mumbai', '2016-08-09', 'E', 0, 0, 0, 1, '2016-08-05 23:11:22', 'test description', 2, 11325, '', '', '', '', 11259, 500, 11023, '', '', 'P11022', '2016-08-06 10:57:41'),
(11246, 11259, 'New Delhi', 'Mumbai', '2016-08-09', 'E', 0, 0, 0, 1, '2016-08-05 23:11:22', 'test description', 0, 11325, '', '', '', '', 11259, 500, 0, '', '', 'P11022', '2016-08-06 10:57:57'),
(11247, 11259, 'New Delhi', 'Mumbai', '2016-08-09', 'E', 0, 0, 0, 1, '2016-08-05 23:11:22', 'test description', 2, 11325, '', '', '', '', 11259, 500, 11023, '', '', 'P11022', '2016-08-06 11:01:23'),
(11248, 11259, 'New Delhi', 'Mumbai', '2016-08-09', 'E', 0, 0, 0, 1, '2016-08-05 23:11:22', 'test description', 0, 11325, '', '', '', '', 11259, 500, 0, '', '', 'P11022', '2016-08-06 11:01:32'),
(11249, 11259, 'New Delhi', 'Mumbai', '2016-08-09', 'E', 0, 0, 0, 1, '2016-08-05 23:11:22', 'test description', 2, 11325, '', '', '', '', 11259, 500, 11023, '', '', 'P11022', '2016-08-06 11:05:45'),
(11250, 11259, 'New Delhi', 'Mumbai', '2016-08-09', 'E', 0, 0, 0, 1, '2016-08-05 23:11:22', 'test description', 0, 11325, '', '', '', '', 11259, 500, 0, '', '', 'P11022', '2016-08-06 11:05:54'),
(11251, 11259, 'New Delhi', 'Chennai', '2016-08-28', 'B', 10, 220, 2, 2, '2016-08-06 13:41:27', 'test desc', 2, 11325, '', '', '', '', 11259, 750, 11024, '', '', 'P11025', '2016-08-06 11:16:22'),
(11252, 11259, 'New Delhi', 'Chennai', '2016-08-28', 'B', 10, 220, 2, 2, '2016-08-06 13:41:27', 'test desc', 3, 11325, '', '', '', '', 11246, 750, 11024, '', '', 'P11025', '2016-08-06 11:24:12'),
(11253, 11259, 'New Delhi', 'Chennai', '2016-08-28', 'B', 10, 220, 2, 2, '2016-08-06 13:41:27', 'test desc', 4, 11325, '', '', '', '', 11246, 750, 11024, '', '', 'P11025', '2016-08-06 11:31:49'),
(11254, 11259, 'New Delhi', 'Chennai', '2016-08-28', 'B', 10, 220, 2, 2, '2016-08-06 13:41:27', 'test desc', 5, 11325, '', '', '', '', 11259, 750, 11024, '', 'Good', 'P11025', '2016-08-06 11:38:09'),
(11255, 11259, 'Jaipur', 'Mumbai', '2016-08-06', 'E', 0, 0, 0, 10, '2016-08-06 19:08:41', 'i can come to give you', 0, 11325, '', '', '', '', 11259, 2750, 0, '', '', NULL, '2016-08-06 12:08:32'),
(11256, 11259, 'Jaipur', 'Mumbai', '2016-08-06', 'E', 0, 0, 0, 10, '2016-08-06 19:08:41', 'i can come to give you', 0, 11325, '', '', '', '', 11259, 2750, 0, '', '', 'P11026', '2016-08-06 12:08:32'),
(11257, 11259, 'New Delhi', 'Chennai', '2016-08-28', 'B', 10, 220, 2, 2, '2016-08-06 13:41:27', 'test desc', 5, 11325, '', '', '', '', 11259, 750, 11024, '', 'Good', 'P11025', '2016-08-06 12:08:32'),
(11258, 11259, 'New Delhi', 'Mumbai', '2016-08-09', 'P', 0, 0, 0, 9, '2016-08-06 12:19:36', 'test desc', 0, 11325, '', '', '', '', 11246, 2500, 0, '', 'not received', 'P11024', '2016-08-06 12:08:32'),
(11259, 11330, 'New Delhi', 'Chennai', '2016-08-10', 'E', 0, 0, 0, 1, '2016-08-06 08:39:16', 'documents', 1, 71, '', '', '', '', 11330, 500, 11024, '', '', 'P11023', '2016-08-06 12:08:32'),
(11260, 11259, 'New Delhi', 'Mumbai', '2016-08-09', 'E', 0, 0, 0, 1, '2016-08-05 23:11:22', 'test description', 0, 11325, '', '', '', '', 11259, 500, 0, '', '', 'P11022', '2016-08-06 12:08:32'),
(11261, 71, 'New Delhi', 'Mumbai', '2016-08-10', 'E', 0, 0, 0, 1, '2016-08-05 13:11:18', 'Envelope with Book', 0, 11283, '', '', '', '', 11246, 500, 0, '', '', 'P11021', '2016-08-06 12:08:32'),
(11262, 71, 'Jaipur', 'Thailand', '2016-07-27', 'E', 0, 0, 0, 5, '2016-07-23 17:53:21', 'test', 2, 11263, '', '', '', '', 71, 1500, 11020, '', '', 'P11020', '2016-08-06 12:08:32'),
(11263, 11259, 'Jaipur', 'Thailand', '2016-07-23', 'E', 0, 0, 0, 1, '2016-07-23 17:28:40', 'test', 2, 11263, '', '', '', '', 11259, 500, 11021, '', '', 'P11019', '2016-08-06 12:08:32'),
(11264, 11259, 'Jaipur', 'Thailand', '2016-07-27', 'E', 0, 0, 0, 5, '2016-07-23 16:53:34', 'test descriptiion', 2, 11263, '', '', '', '', 11259, 1500, 11020, '', '', 'P11018', '2016-08-06 12:08:32'),
(11265, 11259, 'Jaipur', 'Mumbai', '2016-07-31', 'B', 10, 20, 20, 5, '2016-07-23 16:18:45', 'test parcel', 0, 11325, '', '', '', '', 11259, 1500, 0, '', '', 'P11017', '2016-08-06 12:08:32'),
(11266, 11259, 'Jaipur', 'Mumbai', '2016-08-06', 'E', 0, 0, 0, 10, '2016-08-06 19:08:41', 'i can come to give you', 0, 11325, '', '', '', '', 11259, 2750, 0, '', '', NULL, '2016-08-06 12:09:34'),
(11267, 11259, 'Jaipur', 'Mumbai', '2016-08-06', 'E', 0, 0, 0, 10, '2016-08-06 19:08:41', 'i can come to give you', 0, 11325, '', '', '', '', 11259, 2750, 0, '', '', 'P11027', '2016-08-06 12:09:34'),
(11268, 11259, 'Jaipur', 'Mumbai', '2016-08-06', 'E', 0, 0, 0, 10, '2016-08-06 19:08:41', 'i can come to give you', 0, 11325, '', '', '', '', 11259, 2750, 0, '', '', 'P11026', '2016-08-06 12:09:34'),
(11269, 11259, 'New Delhi', 'Chennai', '2016-08-28', 'B', 10, 220, 2, 2, '2016-08-06 13:41:27', 'test desc', 5, 11325, '', '', '', '', 11259, 750, 11024, '', 'Good', 'P11025', '2016-08-06 12:09:34'),
(11270, 11259, 'New Delhi', 'Mumbai', '2016-08-09', 'P', 0, 0, 0, 9, '2016-08-06 12:19:36', 'test desc', 0, 11325, '', '', '', '', 11246, 2500, 0, '', 'not received', 'P11024', '2016-08-06 12:09:34'),
(11271, 11330, 'New Delhi', 'Chennai', '2016-08-10', 'E', 0, 0, 0, 1, '2016-08-06 08:39:16', 'documents', 1, 71, '', '', '', '', 11330, 500, 11024, '', '', 'P11023', '2016-08-06 12:09:34'),
(11272, 11259, 'New Delhi', 'Mumbai', '2016-08-09', 'E', 0, 0, 0, 1, '2016-08-05 23:11:22', 'test description', 0, 11325, '', '', '', '', 11259, 500, 0, '', '', 'P11022', '2016-08-06 12:09:34'),
(11273, 71, 'New Delhi', 'Mumbai', '2016-08-10', 'E', 0, 0, 0, 1, '2016-08-05 13:11:18', 'Envelope with Book', 0, 11283, '', '', '', '', 11246, 500, 0, '', '', 'P11021', '2016-08-06 12:09:34'),
(11274, 71, 'Jaipur', 'Thailand', '2016-07-27', 'E', 0, 0, 0, 5, '2016-07-23 17:53:21', 'test', 2, 11263, '', '', '', '', 71, 1500, 11020, '', '', 'P11020', '2016-08-06 12:09:34'),
(11275, 11259, 'Jaipur', 'Thailand', '2016-07-23', 'E', 0, 0, 0, 1, '2016-07-23 17:28:40', 'test', 2, 11263, '', '', '', '', 11259, 500, 11021, '', '', 'P11019', '2016-08-06 12:09:34'),
(11276, 11259, 'Jaipur', 'Thailand', '2016-07-27', 'E', 0, 0, 0, 5, '2016-07-23 16:53:34', 'test descriptiion', 2, 11263, '', '', '', '', 11259, 1500, 11020, '', '', 'P11018', '2016-08-06 12:09:34'),
(11277, 11259, 'Jaipur', 'Mumbai', '2016-08-06', 'E', 0, 0, 0, 10, '2016-08-06 19:08:41', 'i can come to give you', 0, 11325, '', '', '', '', 11259, 2750, 0, '', '', NULL, '2016-08-06 12:10:33'),
(11278, 11259, 'Jaipur', 'Mumbai', '2016-08-06', 'E', 0, 0, 0, 10, '2016-08-06 19:08:41', 'i can come to give you', 0, 11325, '', '', '', '', 11259, 2750, 0, '', '', 'P11028', '2016-08-06 12:10:33'),
(11279, 11259, 'Jaipur', 'Mumbai', '2016-08-06', 'E', 0, 0, 0, 10, '2016-08-06 19:08:41', 'i can come to give you', 0, 11325, '', '', '', '', 11259, 2750, 0, '', '', 'P11027', '2016-08-06 12:10:33'),
(11280, 11259, 'Jaipur', 'Mumbai', '2016-08-06', 'E', 0, 0, 0, 10, '2016-08-06 19:08:41', 'i can come to give you', 0, 11325, '', '', '', '', 11259, 2750, 0, '', '', 'P11026', '2016-08-06 12:10:33'),
(11281, 11259, 'New Delhi', 'Chennai', '2016-08-28', 'B', 10, 220, 2, 2, '2016-08-06 13:41:27', 'test desc', 5, 11325, '', '', '', '', 11259, 750, 11024, '', 'Good', 'P11025', '2016-08-06 12:10:33'),
(11282, 11259, 'New Delhi', 'Mumbai', '2016-08-09', 'P', 0, 0, 0, 9, '2016-08-06 12:19:36', 'test desc', 0, 11325, '', '', '', '', 11246, 2500, 0, '', 'not received', 'P11024', '2016-08-06 12:10:33'),
(11283, 11330, 'New Delhi', 'Chennai', '2016-08-10', 'E', 0, 0, 0, 1, '2016-08-06 08:39:16', 'documents', 1, 71, '', '', '', '', 11330, 500, 11024, '', '', 'P11023', '2016-08-06 12:10:33'),
(11284, 11259, 'New Delhi', 'Mumbai', '2016-08-09', 'E', 0, 0, 0, 1, '2016-08-05 23:11:22', 'test description', 0, 11325, '', '', '', '', 11259, 500, 0, '', '', 'P11022', '2016-08-06 12:10:33'),
(11285, 71, 'New Delhi', 'Mumbai', '2016-08-10', 'E', 0, 0, 0, 1, '2016-08-05 13:11:18', 'Envelope with Book', 0, 11283, '', '', '', '', 11246, 500, 0, '', '', 'P11021', '2016-08-06 12:10:33'),
(11286, 71, 'Jaipur', 'Thailand', '2016-07-27', 'E', 0, 0, 0, 5, '2016-07-23 17:53:21', 'test', 2, 11263, '', '', '', '', 71, 1500, 11020, '', '', 'P11020', '2016-08-06 12:10:33'),
(11287, 11259, 'Jaipur', 'Thailand', '2016-07-23', 'E', 0, 0, 0, 1, '2016-07-23 17:28:40', 'test', 2, 11263, '', '', '', '', 11259, 500, 11021, '', '', 'P11019', '2016-08-06 12:10:33'),
(11288, 11259, 'Jaipur', 'Mumbai', '2016-08-06', 'E', 0, 0, 0, 10, '2016-08-06 19:08:41', 'i can come to give you', 0, 11325, '', '', '', '', 11259, 2750, 0, '', '', NULL, '2016-08-06 12:11:34'),
(11289, 11259, 'Jaipur', 'Mumbai', '2016-08-06', 'E', 0, 0, 0, 10, '2016-08-06 19:08:41', 'i can come to give you', 0, 11325, '', '', '', '', 11259, 2750, 0, '', '', 'P11029', '2016-08-06 12:11:34'),
(11290, 11259, 'Jaipur', 'Mumbai', '2016-08-06', 'E', 0, 0, 0, 10, '2016-08-06 19:08:41', 'i can come to give you', 0, 11325, '', '', '', '', 11259, 2750, 0, '', '', 'P11028', '2016-08-06 12:11:34'),
(11291, 11259, 'Jaipur', 'Mumbai', '2016-08-06', 'E', 0, 0, 0, 10, '2016-08-06 19:08:41', 'i can come to give you', 0, 11325, '', '', '', '', 11259, 2750, 0, '', '', 'P11027', '2016-08-06 12:11:34'),
(11292, 11259, 'Jaipur', 'Mumbai', '2016-08-06', 'E', 0, 0, 0, 10, '2016-08-06 19:08:41', 'i can come to give you', 0, 11325, '', '', '', '', 11259, 2750, 0, '', '', 'P11026', '2016-08-06 12:11:34'),
(11293, 11259, 'New Delhi', 'Chennai', '2016-08-28', 'B', 10, 220, 2, 2, '2016-08-06 13:41:27', 'test desc', 5, 11325, '', '', '', '', 11259, 750, 11024, '', 'Good', 'P11025', '2016-08-06 12:11:34'),
(11294, 11259, 'New Delhi', 'Mumbai', '2016-08-09', 'P', 0, 0, 0, 9, '2016-08-06 12:19:36', 'test desc', 0, 11325, '', '', '', '', 11246, 2500, 0, '', 'not received', 'P11024', '2016-08-06 12:11:34'),
(11295, 11330, 'New Delhi', 'Chennai', '2016-08-10', 'E', 0, 0, 0, 1, '2016-08-06 08:39:16', 'documents', 1, 71, '', '', '', '', 11330, 500, 11024, '', '', 'P11023', '2016-08-06 12:11:34');
INSERT INTO `cms_parcels_log` (`id`, `usr_id`, `source`, `destination`, `till_date`, `type`, `height`, `width`, `length`, `weight`, `created`, `description`, `status`, `recv_id`, `recv_email`, `recv_mobile`, `recv_name`, `recv_comment`, `processed_by`, `payment`, `trans_id`, `trans_comment`, `reason`, `ParcelID`, `updated`) VALUES
(11296, 11259, 'New Delhi', 'Mumbai', '2016-08-09', 'E', 0, 0, 0, 1, '2016-08-05 23:11:22', 'test description', 0, 11325, '', '', '', '', 11259, 500, 0, '', '', 'P11022', '2016-08-06 12:11:34'),
(11297, 71, 'New Delhi', 'Mumbai', '2016-08-10', 'E', 0, 0, 0, 1, '2016-08-05 13:11:18', 'Envelope with Book', 0, 11283, '', '', '', '', 11246, 500, 0, '', '', 'P11021', '2016-08-06 12:11:34'),
(11298, 71, 'Jaipur', 'Thailand', '2016-07-27', 'E', 0, 0, 0, 5, '2016-07-23 17:53:21', 'test', 2, 11263, '', '', '', '', 71, 1500, 11020, '', '', 'P11020', '2016-08-06 12:11:34'),
(11299, 11259, 'Jaipur', 'Mumbai', '2016-08-06', 'E', 0, 0, 0, 10, '2016-08-06 19:13:56', 'i can come to give you', 0, 11325, '', '', '', '', 11259, 2750, 0, '', '', NULL, '2016-08-06 12:13:47'),
(11300, 11259, 'Jaipur', 'Mumbai', '2016-08-06', 'E', 0, 0, 0, 10, '2016-08-06 19:13:56', 'i can come to give you', 0, 11325, '', '', '', '', 11259, 2750, 0, '', '', 'P11030', '2016-08-06 12:13:47'),
(11301, 11259, 'Jaipur', 'Mumbai', '2016-08-06', 'E', 0, 0, 0, 10, '2016-08-06 19:08:41', 'i can come to give you', 0, 11325, '', '', '', '', 11259, 2750, 0, '', '', 'P11029', '2016-08-06 12:13:47'),
(11302, 11259, 'Jaipur', 'Mumbai', '2016-08-06', 'E', 0, 0, 0, 10, '2016-08-06 19:08:41', 'i can come to give you', 0, 11325, '', '', '', '', 11259, 2750, 0, '', '', 'P11028', '2016-08-06 12:13:47'),
(11303, 11259, 'Jaipur', 'Mumbai', '2016-08-06', 'E', 0, 0, 0, 10, '2016-08-06 19:08:41', 'i can come to give you', 0, 11325, '', '', '', '', 11259, 2750, 0, '', '', 'P11027', '2016-08-06 12:13:47'),
(11304, 11259, 'Jaipur', 'Mumbai', '2016-08-06', 'E', 0, 0, 0, 10, '2016-08-06 19:08:41', 'i can come to give you', 0, 11325, '', '', '', '', 11259, 2750, 0, '', '', 'P11026', '2016-08-06 12:13:47'),
(11305, 11259, 'New Delhi', 'Chennai', '2016-08-28', 'B', 10, 220, 2, 2, '2016-08-06 13:41:27', 'test desc', 5, 11325, '', '', '', '', 11259, 750, 11024, '', 'Good', 'P11025', '2016-08-06 12:13:47'),
(11306, 11259, 'New Delhi', 'Mumbai', '2016-08-09', 'P', 0, 0, 0, 9, '2016-08-06 12:19:36', 'test desc', 0, 11325, '', '', '', '', 11246, 2500, 0, '', 'not received', 'P11024', '2016-08-06 12:13:47'),
(11307, 11330, 'New Delhi', 'Chennai', '2016-08-10', 'E', 0, 0, 0, 1, '2016-08-06 08:39:16', 'documents', 1, 71, '', '', '', '', 11330, 500, 11024, '', '', 'P11023', '2016-08-06 12:13:47'),
(11308, 11259, 'New Delhi', 'Mumbai', '2016-08-09', 'E', 0, 0, 0, 1, '2016-08-05 23:11:22', 'test description', 0, 11325, '', '', '', '', 11259, 500, 0, '', '', 'P11022', '2016-08-06 12:13:47'),
(11309, 71, 'New Delhi', 'Mumbai', '2016-08-10', 'E', 0, 0, 0, 1, '2016-08-05 13:11:18', 'Envelope with Book', 0, 11283, '', '', '', '', 11246, 500, 0, '', '', 'P11021', '2016-08-06 12:13:47'),
(11310, 11259, 'Jaipur', 'Mumbai', '2016-08-06', 'E', 0, 0, 0, 10, '2016-08-06 19:08:41', 'i can come to give you', 0, 11325, '', '', '', '', 11259, 2750, 0, '', '', NULL, '2016-08-06 12:20:53'),
(11311, 11259, 'Jaipur', 'Mumbai', '2016-08-06', 'E', 0, 0, 0, 10, '2016-08-06 19:08:41', 'i can come to give you', 0, 11325, '', '', '', '', 11259, 2750, 0, '', '', 'P11031', '2016-08-06 12:20:53'),
(11312, 11259, 'Jaipur', 'Mumbai', '2016-08-06', 'E', 0, 0, 0, 10, '2016-08-06 19:13:56', 'i can come to give you', 0, 11325, '', '', '', '', 11259, 2750, 0, '', '', 'P11030', '2016-08-06 12:20:53'),
(11313, 11259, 'Jaipur', 'Mumbai', '2016-08-06', 'E', 0, 0, 0, 10, '2016-08-06 19:08:41', 'i can come to give you', 0, 11325, '', '', '', '', 11259, 2750, 0, '', '', 'P11029', '2016-08-06 12:20:53'),
(11314, 11259, 'Jaipur', 'Mumbai', '2016-08-06', 'E', 0, 0, 0, 10, '2016-08-06 19:08:41', 'i can come to give you', 0, 11325, '', '', '', '', 11259, 2750, 0, '', '', 'P11028', '2016-08-06 12:20:53'),
(11315, 11259, 'Jaipur', 'Mumbai', '2016-08-06', 'E', 0, 0, 0, 10, '2016-08-06 19:08:41', 'i can come to give you', 0, 11325, '', '', '', '', 11259, 2750, 0, '', '', 'P11027', '2016-08-06 12:20:53'),
(11316, 11259, 'Jaipur', 'Mumbai', '2016-08-06', 'E', 0, 0, 0, 10, '2016-08-06 19:08:41', 'i can come to give you', 0, 11325, '', '', '', '', 11259, 2750, 0, '', '', 'P11026', '2016-08-06 12:20:53'),
(11317, 11259, 'New Delhi', 'Chennai', '2016-08-28', 'B', 10, 220, 2, 2, '2016-08-06 13:41:27', 'test desc', 5, 11325, '', '', '', '', 11259, 750, 11024, '', 'Good', 'P11025', '2016-08-06 12:20:53'),
(11318, 11259, 'New Delhi', 'Mumbai', '2016-08-09', 'P', 0, 0, 0, 9, '2016-08-06 12:19:36', 'test desc', 0, 11325, '', '', '', '', 11246, 2500, 0, '', 'not received', 'P11024', '2016-08-06 12:20:53'),
(11319, 11330, 'New Delhi', 'Chennai', '2016-08-10', 'E', 0, 0, 0, 1, '2016-08-06 08:39:16', 'documents', 1, 71, '', '', '', '', 11330, 500, 11024, '', '', 'P11023', '2016-08-06 12:20:53'),
(11320, 11259, 'New Delhi', 'Mumbai', '2016-08-09', 'E', 0, 0, 0, 1, '2016-08-05 23:11:22', 'test description', 0, 11325, '', '', '', '', 11259, 500, 0, '', '', 'P11022', '2016-08-06 12:20:53'),
(11321, 11259, 'Jaipur', 'Mumbai', '2016-08-06', 'E', 0, 0, 0, 10, '2016-08-06 19:08:41', 'i can come to give you', 0, 11325, '', '', '', '', 11259, 2750, 0, '', '', NULL, '2016-08-06 12:31:11'),
(11322, 11259, 'Jaipur', 'Mumbai', '2016-08-06', 'E', 0, 0, 0, 10, '2016-08-06 19:08:41', 'i can come to give you', 0, 11325, '', '', '', '', 11259, 2750, 0, '', '', 'P11032', '2016-08-06 12:31:11'),
(11323, 11259, 'Jaipur', 'Mumbai', '2016-08-06', 'E', 0, 0, 0, 10, '2016-08-06 19:08:41', 'i can come to give you', 0, 11325, '', '', '', '', 11259, 2750, 0, '', '', 'P11031', '2016-08-06 12:31:11'),
(11324, 11259, 'Jaipur', 'Mumbai', '2016-08-06', 'E', 0, 0, 0, 10, '2016-08-06 19:13:56', 'i can come to give you', 0, 11325, '', '', '', '', 11259, 2750, 0, '', '', 'P11030', '2016-08-06 12:31:11'),
(11325, 11259, 'Jaipur', 'Mumbai', '2016-08-06', 'E', 0, 0, 0, 10, '2016-08-06 19:08:41', 'i can come to give you', 0, 11325, '', '', '', '', 11259, 2750, 0, '', '', 'P11029', '2016-08-06 12:31:11'),
(11326, 11259, 'Jaipur', 'Mumbai', '2016-08-06', 'E', 0, 0, 0, 10, '2016-08-06 19:08:41', 'i can come to give you', 0, 11325, '', '', '', '', 11259, 2750, 0, '', '', 'P11028', '2016-08-06 12:31:11'),
(11327, 11259, 'Jaipur', 'Mumbai', '2016-08-06', 'E', 0, 0, 0, 10, '2016-08-06 19:08:41', 'i can come to give you', 0, 11325, '', '', '', '', 11259, 2750, 0, '', '', 'P11027', '2016-08-06 12:31:11'),
(11328, 11259, 'Jaipur', 'Mumbai', '2016-08-06', 'E', 0, 0, 0, 10, '2016-08-06 19:08:41', 'i can come to give you', 0, 11325, '', '', '', '', 11259, 2750, 0, '', '', 'P11026', '2016-08-06 12:31:11'),
(11329, 11259, 'New Delhi', 'Chennai', '2016-08-28', 'B', 10, 220, 2, 2, '2016-08-06 13:41:27', 'test desc', 5, 11325, '', '', '', '', 11259, 750, 11024, '', 'Good', 'P11025', '2016-08-06 12:31:11'),
(11330, 11259, 'New Delhi', 'Mumbai', '2016-08-09', 'P', 0, 0, 0, 9, '2016-08-06 12:19:36', 'test desc', 0, 11325, '', '', '', '', 11246, 2500, 0, '', 'not received', 'P11024', '2016-08-06 12:31:11'),
(11331, 11330, 'New Delhi', 'Chennai', '2016-08-10', 'E', 0, 0, 0, 1, '2016-08-06 08:39:16', 'documents', 1, 71, '', '', '', '', 11330, 500, 11024, '', '', 'P11023', '2016-08-06 12:31:11'),
(11332, 11259, 'Jaipur', 'Mumbai', '2016-08-06', 'E', 0, 0, 0, 10, '2016-08-06 19:08:41', 'i can come to give you', 0, 11325, '', '', '', '', 11259, 2750, 0, '', '', NULL, '2016-08-06 12:40:35'),
(11333, 11259, 'Jaipur', 'Mumbai', '2016-08-06', 'E', 0, 0, 0, 10, '2016-08-06 19:08:41', 'i can come to give you', 0, 11325, '', '', '', '', 11259, 2750, 0, '', '', 'P11033', '2016-08-06 12:40:35'),
(11334, 11259, 'Jaipur', 'Mumbai', '2016-08-06', 'E', 0, 0, 0, 10, '2016-08-06 19:08:41', 'i can come to give you', 0, 11325, '', '', '', '', 11259, 2750, 0, '', '', 'P11032', '2016-08-06 12:40:35'),
(11335, 11259, 'Jaipur', 'Mumbai', '2016-08-06', 'E', 0, 0, 0, 10, '2016-08-06 19:08:41', 'i can come to give you', 0, 11325, '', '', '', '', 11259, 2750, 0, '', '', 'P11031', '2016-08-06 12:40:35'),
(11336, 11259, 'Jaipur', 'Mumbai', '2016-08-06', 'E', 0, 0, 0, 10, '2016-08-06 19:13:56', 'i can come to give you', 0, 11325, '', '', '', '', 11259, 2750, 0, '', '', 'P11030', '2016-08-06 12:40:35'),
(11337, 11259, 'Jaipur', 'Mumbai', '2016-08-06', 'E', 0, 0, 0, 10, '2016-08-06 19:08:41', 'i can come to give you', 0, 11325, '', '', '', '', 11259, 2750, 0, '', '', 'P11029', '2016-08-06 12:40:35'),
(11338, 11259, 'Jaipur', 'Mumbai', '2016-08-06', 'E', 0, 0, 0, 10, '2016-08-06 19:08:41', 'i can come to give you', 0, 11325, '', '', '', '', 11259, 2750, 0, '', '', 'P11028', '2016-08-06 12:40:35'),
(11339, 11259, 'Jaipur', 'Mumbai', '2016-08-06', 'E', 0, 0, 0, 10, '2016-08-06 19:08:41', 'i can come to give you', 0, 11325, '', '', '', '', 11259, 2750, 0, '', '', 'P11027', '2016-08-06 12:40:35'),
(11340, 11259, 'Jaipur', 'Mumbai', '2016-08-06', 'E', 0, 0, 0, 10, '2016-08-06 19:08:41', 'i can come to give you', 0, 11325, '', '', '', '', 11259, 2750, 0, '', '', 'P11026', '2016-08-06 12:40:35'),
(11341, 11259, 'New Delhi', 'Chennai', '2016-08-28', 'B', 10, 220, 2, 2, '2016-08-06 13:41:27', 'test desc', 5, 11325, '', '', '', '', 11259, 750, 11024, '', 'Good', 'P11025', '2016-08-06 12:40:35'),
(11342, 11259, 'New Delhi', 'Mumbai', '2016-08-09', 'P', 0, 0, 0, 9, '2016-08-06 12:19:36', 'test desc', 0, 11325, '', '', '', '', 11246, 2500, 0, '', 'not received', 'P11024', '2016-08-06 12:40:35'),
(11343, 11330, 'New Delhi', 'Chennai', '2016-08-10', 'E', 0, 0, 0, 1, '2016-08-06 08:39:16', 'documents', 6, 71, '', '', '', '', 11111, 500, 11024, '', 'this is my testing with parcel and transporter which are being used in MCB for byteclues technologies', 'P11023', '2016-08-06 12:48:25');

-- --------------------------------------------------------

--
-- Table structure for table `cms_payments`
--

CREATE TABLE IF NOT EXISTS `cms_payments` (
  `id` int(11) NOT NULL AUTO_INCREMENT,
  `booking_id` int(11) NOT NULL,
  `sender_id` int(11) NOT NULL,
  `trans_id` int(11) NOT NULL,
  `amount` float NOT NULL,
  `created` timestamp NOT NULL DEFAULT CURRENT_TIMESTAMP ON UPDATE CURRENT_TIMESTAMP,
  `status` enum('Y','N') NOT NULL DEFAULT 'Y',
  PRIMARY KEY (`id`)
) ENGINE=InnoDB DEFAULT CHARSET=latin1 AUTO_INCREMENT=1 ;

-- --------------------------------------------------------

--
-- Table structure for table `cms_payment_requests`
--

CREATE TABLE IF NOT EXISTS `cms_payment_requests` (
  `id` int(11) NOT NULL AUTO_INCREMENT,
  `trans_id` int(11) NOT NULL,
  `amount` float NOT NULL,
  `bank_name` varchar(255) NOT NULL,
  `acct_no` varchar(255) NOT NULL,
  `ifsc` varchar(255) NOT NULL,
  `status` enum('Y','N') NOT NULL DEFAULT 'N',
  `created` timestamp NOT NULL DEFAULT CURRENT_TIMESTAMP ON UPDATE CURRENT_TIMESTAMP,
  `swift_code` varchar(255) NOT NULL,
  `act_name` varchar(100) NOT NULL,
  `TransactionID` varchar(75) DEFAULT NULL,
  `withdrawID` varchar(75) DEFAULT NULL,
  PRIMARY KEY (`id`)
) ENGINE=InnoDB  DEFAULT CHARSET=latin1 AUTO_INCREMENT=23 ;

--
-- Dumping data for table `cms_payment_requests`
--

INSERT INTO `cms_payment_requests` (`id`, `trans_id`, `amount`, `bank_name`, `acct_no`, `ifsc`, `status`, `created`, `swift_code`, `act_name`, `TransactionID`, `withdrawID`) VALUES
(22, 71, 300, 'HDFC', '12345678901234', 'HDFC0003819', 'N', '2016-07-09 15:23:06', 'HDFCINBBDEL', 'Jitendar Kumar', NULL, 'WIT22');

-- --------------------------------------------------------

--
-- Table structure for table `cms_permissions`
--

CREATE TABLE IF NOT EXISTS `cms_permissions` (
  `id` int(11) NOT NULL AUTO_INCREMENT,
  `module_id` int(11) NOT NULL,
  `role_id` int(11) NOT NULL,
  `permission` enum('Y','N') NOT NULL DEFAULT 'Y',
  PRIMARY KEY (`id`),
  KEY `module_id` (`module_id`,`role_id`)
) ENGINE=MyISAM  DEFAULT CHARSET=latin1 AUTO_INCREMENT=2136 ;

--
-- Dumping data for table `cms_permissions`
--

INSERT INTO `cms_permissions` (`id`, `module_id`, `role_id`, `permission`) VALUES
(1, 1, -1, 'Y'),
(2, 1, 1, 'Y'),
(3, 1, 2, 'Y'),
(4, 2, -1, 'Y'),
(5, 2, 1, 'Y'),
(6, 2, 2, 'Y'),
(7, 3, -1, 'Y'),
(8, 3, 1, 'Y'),
(9, 3, 2, 'Y'),
(10, 4, -1, 'Y'),
(11, 4, 1, 'Y'),
(12, 4, 2, 'Y'),
(13, 5, -1, 'Y'),
(14, 5, 1, 'Y'),
(15, 5, 2, 'Y'),
(16, 6, -1, 'Y'),
(17, 6, 1, 'Y'),
(18, 6, 2, 'Y'),
(19, 7, -1, 'N'),
(20, 7, 1, 'Y'),
(21, 7, 2, 'N'),
(22, 8, -1, 'N'),
(23, 8, 1, 'Y'),
(24, 8, 2, 'N'),
(25, 9, -1, 'N'),
(26, 9, 1, 'Y'),
(27, 9, 2, 'N'),
(28, 10, -1, 'N'),
(29, 10, 1, 'Y'),
(30, 10, 2, 'N'),
(31, 11, -1, 'N'),
(32, 11, 1, 'Y'),
(33, 11, 2, 'N'),
(34, 12, -1, 'N'),
(35, 12, 1, 'Y'),
(36, 12, 2, 'N'),
(37, 13, -1, 'N'),
(38, 13, 1, 'Y'),
(39, 13, 2, 'N'),
(40, 14, -1, 'N'),
(41, 14, 1, 'Y'),
(42, 14, 2, 'N'),
(43, 15, -1, 'N'),
(44, 15, 1, 'Y'),
(45, 15, 2, 'N'),
(46, 16, -1, 'N'),
(47, 16, 1, 'Y'),
(48, 16, 2, 'Y'),
(49, 17, -1, 'N'),
(50, 17, 1, 'Y'),
(51, 17, 2, 'Y'),
(52, 18, -1, 'N'),
(53, 18, 1, 'Y'),
(54, 18, 2, 'Y'),
(55, 19, -1, 'N'),
(56, 19, 1, 'Y'),
(57, 19, 2, 'Y'),
(58, 20, -1, 'N'),
(59, 20, 1, 'Y'),
(60, 20, 2, 'N'),
(61, 21, -1, 'N'),
(62, 21, 1, 'Y'),
(63, 21, 2, 'Y'),
(64, 22, -1, 'N'),
(65, 22, 1, 'Y'),
(66, 22, 2, 'Y'),
(67, 23, -1, 'N'),
(68, 23, 1, 'Y'),
(69, 23, 2, 'N'),
(70, 24, -1, 'Y'),
(71, 24, 1, 'Y'),
(72, 24, 2, 'N'),
(73, 25, -1, 'Y'),
(74, 25, 1, 'Y'),
(75, 25, 2, 'N'),
(76, 26, -1, 'Y'),
(77, 26, 1, 'Y'),
(78, 26, 2, 'N'),
(79, 27, -1, 'Y'),
(80, 27, 1, 'Y'),
(81, 27, 2, 'N'),
(82, 28, -1, 'Y'),
(83, 28, 1, 'Y'),
(84, 28, 2, 'N'),
(85, 29, -1, 'N'),
(86, 29, 1, 'Y'),
(87, 29, 2, 'Y'),
(88, 30, -1, 'N'),
(89, 30, 1, 'Y'),
(90, 30, 2, 'N'),
(91, 31, -1, 'N'),
(92, 31, 1, 'Y'),
(93, 31, 2, 'N'),
(94, 32, -1, 'N'),
(95, 32, 1, 'Y'),
(96, 32, 2, 'N'),
(97, 33, -1, 'N'),
(98, 33, 1, 'Y'),
(99, 33, 2, 'N'),
(100, 34, -1, 'N'),
(101, 34, 1, 'Y'),
(102, 34, 2, 'N'),
(103, 35, -1, 'N'),
(104, 35, 1, 'Y'),
(105, 35, 2, 'N'),
(106, 36, -1, 'N'),
(107, 36, 1, 'Y'),
(108, 36, 2, 'N'),
(109, 37, -1, 'Y'),
(110, 37, 1, 'Y'),
(111, 37, 2, 'N'),
(112, 38, -1, 'N'),
(113, 38, 1, 'Y'),
(114, 38, 2, 'N'),
(115, 39, -1, 'N'),
(116, 39, 1, 'Y'),
(117, 39, 2, 'N'),
(118, 40, -1, 'N'),
(119, 40, 1, 'Y'),
(120, 40, 2, 'N'),
(121, 41, -1, 'Y'),
(122, 41, 1, 'Y'),
(123, 41, 2, 'Y'),
(124, 42, -1, 'Y'),
(125, 42, 1, 'Y'),
(126, 42, 2, 'Y'),
(127, 43, -1, 'Y'),
(128, 43, 1, 'Y'),
(129, 43, 2, 'Y'),
(130, 44, -1, 'N'),
(131, 44, 1, 'Y'),
(132, 44, 2, 'N'),
(133, 45, -1, 'N'),
(134, 45, 1, 'Y'),
(135, 45, 2, 'N'),
(136, 46, -1, 'N'),
(137, 46, 1, 'Y'),
(138, 46, 2, 'N'),
(139, 47, -1, 'N'),
(140, 47, 1, 'Y'),
(141, 47, 2, 'N'),
(142, 48, -1, 'N'),
(143, 48, 1, 'Y'),
(144, 48, 2, 'N'),
(145, 49, -1, 'N'),
(146, 49, 1, 'Y'),
(147, 49, 2, 'N'),
(148, 50, -1, 'N'),
(149, 50, 1, 'Y'),
(150, 50, 2, 'N'),
(151, 51, -1, 'N'),
(152, 51, 1, 'Y'),
(153, 51, 2, 'N'),
(154, 52, -1, 'N'),
(155, 52, 1, 'Y'),
(156, 52, 2, 'N'),
(157, 53, -1, 'N'),
(158, 53, 1, 'Y'),
(159, 53, 2, 'N'),
(160, 54, -1, 'N'),
(161, 54, 1, 'Y'),
(162, 54, 2, 'N'),
(163, 55, -1, 'N'),
(164, 55, 1, 'Y'),
(165, 55, 2, 'N'),
(166, 56, -1, 'N'),
(167, 56, 1, 'Y'),
(168, 56, 2, 'N'),
(169, 57, -1, 'N'),
(170, 57, 1, 'Y'),
(171, 57, 2, 'N'),
(172, 58, -1, 'N'),
(173, 58, 1, 'Y'),
(174, 58, 2, 'N'),
(175, 59, -1, 'N'),
(176, 59, 1, 'Y'),
(177, 59, 2, 'N'),
(178, 60, -1, 'Y'),
(179, 60, 1, 'Y'),
(180, 60, 2, 'Y'),
(181, 61, -1, 'Y'),
(182, 61, 1, 'Y'),
(183, 61, 2, 'Y'),
(184, 62, -1, 'Y'),
(185, 62, 1, 'Y'),
(186, 62, 2, 'Y'),
(187, 63, -1, 'Y'),
(188, 63, 1, 'Y'),
(189, 63, 2, 'Y'),
(190, 64, -1, 'Y'),
(191, 64, 1, 'Y'),
(192, 64, 2, 'Y'),
(193, 65, -1, 'N'),
(194, 65, 1, 'Y'),
(195, 65, 2, 'N'),
(196, 66, -1, 'N'),
(197, 66, 1, 'Y'),
(198, 66, 2, 'N'),
(199, 67, -1, 'N'),
(200, 67, 1, 'Y'),
(201, 67, 2, 'N'),
(202, 68, -1, 'N'),
(203, 68, 1, 'Y'),
(204, 68, 2, 'N'),
(205, 69, -1, 'Y'),
(206, 69, 1, 'Y'),
(207, 69, 2, 'Y'),
(208, 70, -1, 'Y'),
(209, 70, 1, 'Y'),
(210, 70, 2, 'Y'),
(211, 71, -1, 'N'),
(212, 71, 1, 'Y'),
(213, 71, 2, 'N'),
(214, 72, -1, 'N'),
(215, 72, 1, 'Y'),
(216, 72, 2, 'N'),
(217, 73, -1, 'N'),
(218, 73, 1, 'Y'),
(219, 73, 2, 'N'),
(220, 74, -1, 'N'),
(221, 74, 1, 'Y'),
(222, 74, 2, 'N'),
(223, 75, -1, 'N'),
(224, 75, 1, 'Y'),
(225, 75, 2, 'N'),
(226, 76, -1, 'N'),
(227, 76, 1, 'Y'),
(228, 76, 2, 'N'),
(229, 77, -1, 'Y'),
(230, 77, 1, 'Y'),
(231, 77, 2, 'Y'),
(232, 78, -1, 'Y'),
(233, 78, 1, 'Y'),
(234, 78, 2, 'Y'),
(235, 79, -1, 'Y'),
(236, 79, 1, 'Y'),
(237, 79, 2, 'Y'),
(238, 80, -1, 'Y'),
(239, 80, 1, 'Y'),
(240, 80, 2, 'Y'),
(241, 81, -1, 'Y'),
(242, 81, 1, 'Y'),
(243, 81, 2, 'Y'),
(244, 82, -1, 'Y'),
(245, 82, 1, 'Y'),
(246, 82, 2, 'Y'),
(247, 83, -1, 'N'),
(248, 83, 1, 'Y'),
(249, 83, 2, 'N'),
(250, 84, -1, 'N'),
(251, 84, 1, 'Y'),
(252, 84, 2, 'N'),
(253, 85, -1, 'N'),
(254, 85, 1, 'Y'),
(255, 85, 2, 'N'),
(256, 86, -1, 'N'),
(257, 86, 1, 'Y'),
(258, 86, 2, 'N'),
(259, 87, -1, 'Y'),
(260, 87, 1, 'Y'),
(261, 87, 2, 'Y'),
(262, 88, -1, 'Y'),
(263, 88, 1, 'Y'),
(264, 88, 2, 'N'),
(265, 89, -1, 'Y'),
(266, 89, 1, 'Y'),
(267, 89, 2, 'N'),
(268, 90, -1, 'Y'),
(269, 90, 1, 'Y'),
(270, 90, 2, 'N'),
(271, 91, -1, 'N'),
(272, 91, 1, 'Y'),
(273, 91, 2, 'N'),
(274, 92, -1, 'N'),
(275, 92, 1, 'Y'),
(276, 92, 2, 'N'),
(277, 93, -1, 'N'),
(278, 93, 1, 'Y'),
(279, 93, 2, 'N'),
(280, 94, -1, 'N'),
(281, 94, 1, 'Y'),
(282, 94, 2, 'N'),
(283, 95, -1, 'N'),
(284, 95, 1, 'Y'),
(285, 95, 2, 'N'),
(286, 96, -1, 'N'),
(287, 96, 1, 'Y'),
(288, 96, 2, 'N'),
(289, 97, -1, 'N'),
(290, 97, 1, 'Y'),
(291, 97, 2, 'N'),
(292, 98, -1, 'N'),
(293, 98, 1, 'Y'),
(294, 98, 2, 'N'),
(295, 99, -1, 'N'),
(296, 99, 1, 'Y'),
(297, 99, 2, 'N'),
(298, 100, -1, 'Y'),
(299, 100, 1, 'Y'),
(300, 100, 2, 'Y'),
(301, 101, -1, 'Y'),
(302, 101, 1, 'Y'),
(303, 101, 2, 'Y'),
(304, 102, -1, 'Y'),
(305, 102, 1, 'Y'),
(306, 102, 2, 'Y'),
(307, 103, -1, 'Y'),
(308, 103, 1, 'Y'),
(309, 103, 2, 'Y'),
(310, 104, -1, 'Y'),
(311, 104, 1, 'Y'),
(312, 104, 2, 'Y'),
(313, 105, -1, 'Y'),
(314, 105, 1, 'Y'),
(315, 105, 2, 'Y'),
(316, 106, -1, 'N'),
(317, 106, 1, 'Y'),
(318, 106, 2, 'N'),
(319, 107, -1, 'N'),
(320, 107, 1, 'Y'),
(321, 107, 2, 'N'),
(322, 108, -1, 'N'),
(323, 108, 1, 'Y'),
(324, 108, 2, 'N'),
(325, 109, -1, 'N'),
(326, 109, 1, 'Y'),
(327, 109, 2, 'N'),
(328, 110, -1, 'N'),
(329, 110, 1, 'Y'),
(330, 110, 2, 'N'),
(331, 111, -1, 'N'),
(332, 111, 1, 'Y'),
(333, 111, 2, 'N'),
(334, 112, -1, 'N'),
(335, 112, 1, 'Y'),
(336, 112, 2, 'N'),
(337, 113, -1, 'N'),
(338, 113, 1, 'Y'),
(339, 113, 2, 'N'),
(340, 114, -1, 'N'),
(341, 114, 1, 'Y'),
(342, 114, 2, 'N'),
(343, 115, -1, 'Y'),
(344, 115, 1, 'Y'),
(345, 115, 2, 'Y'),
(346, 116, -1, 'N'),
(347, 116, 1, 'Y'),
(348, 116, 2, 'N'),
(349, 117, -1, 'N'),
(350, 117, 1, 'Y'),
(351, 117, 2, 'N'),
(352, 118, -1, 'N'),
(353, 118, 1, 'Y'),
(354, 118, 2, 'N'),
(355, 119, -1, 'Y'),
(356, 119, 1, 'Y'),
(357, 119, 2, 'Y'),
(358, 120, -1, 'Y'),
(359, 120, 1, 'Y'),
(360, 120, 2, 'Y'),
(361, 121, -1, 'Y'),
(362, 121, 1, 'Y'),
(363, 121, 2, 'Y'),
(364, 122, -1, 'Y'),
(365, 122, 1, 'Y'),
(366, 122, 2, 'Y'),
(367, 123, -1, 'Y'),
(368, 123, 1, 'Y'),
(369, 123, 2, 'Y'),
(370, 124, -1, 'Y'),
(371, 124, 1, 'Y'),
(372, 124, 2, 'Y'),
(373, 125, -1, 'N'),
(374, 125, 1, 'Y'),
(375, 125, 2, 'N'),
(376, 126, -1, 'N'),
(377, 126, 1, 'Y'),
(378, 126, 2, 'N'),
(379, 127, -1, 'N'),
(380, 127, 1, 'Y'),
(381, 127, 2, 'N'),
(382, 128, -1, 'N'),
(383, 128, 1, 'Y'),
(384, 128, 2, 'N'),
(385, 129, -1, 'Y'),
(386, 129, 1, 'Y'),
(387, 129, 2, 'Y'),
(388, 130, -1, 'Y'),
(389, 130, 1, 'Y'),
(390, 130, 2, 'Y'),
(391, 131, -1, 'Y'),
(392, 131, 1, 'Y'),
(393, 131, 2, 'Y'),
(394, 132, -1, 'Y'),
(395, 132, 1, 'Y'),
(396, 132, 2, 'Y'),
(397, 133, -1, 'Y'),
(398, 133, 1, 'Y'),
(399, 133, 2, 'Y'),
(400, 134, -1, 'Y'),
(401, 134, 1, 'Y'),
(402, 134, 2, 'Y'),
(403, 135, -1, 'Y'),
(404, 135, 1, 'Y'),
(405, 135, 2, 'Y'),
(406, 136, -1, 'Y'),
(407, 136, 1, 'Y'),
(408, 136, 2, 'Y'),
(409, 137, -1, 'Y'),
(410, 137, 1, 'Y'),
(411, 137, 2, 'Y'),
(412, 138, -1, 'Y'),
(413, 138, 1, 'Y'),
(414, 138, 2, 'Y'),
(415, 139, -1, 'Y'),
(416, 139, 1, 'Y'),
(417, 139, 2, 'Y'),
(418, 140, -1, 'Y'),
(419, 140, 1, 'Y'),
(420, 140, 2, 'Y'),
(421, 141, -1, 'Y'),
(422, 141, 1, 'Y'),
(423, 141, 2, 'Y'),
(424, 142, -1, 'Y'),
(425, 142, 1, 'Y'),
(426, 142, 2, 'Y'),
(427, 143, -1, 'Y'),
(428, 143, 1, 'Y'),
(429, 143, 2, 'Y'),
(430, 144, -1, 'Y'),
(431, 144, 1, 'Y'),
(432, 144, 2, 'Y'),
(433, 145, -1, 'Y'),
(434, 145, 1, 'Y'),
(435, 145, 2, 'Y'),
(436, 146, -1, 'Y'),
(437, 146, 1, 'Y'),
(438, 146, 2, 'Y'),
(439, 147, -1, 'Y'),
(440, 147, 1, 'Y'),
(441, 147, 2, 'Y'),
(442, 148, -1, 'Y'),
(443, 148, 1, 'Y'),
(444, 148, 2, 'Y'),
(445, 149, -1, 'Y'),
(446, 149, 1, 'Y'),
(447, 149, 2, 'Y'),
(448, 150, -1, 'Y'),
(449, 150, 1, 'Y'),
(450, 150, 2, 'Y'),
(451, 151, -1, 'Y'),
(452, 151, 1, 'Y'),
(453, 151, 2, 'Y'),
(454, 152, -1, 'Y'),
(455, 152, 1, 'Y'),
(456, 152, 2, 'Y'),
(457, 153, -1, 'Y'),
(458, 153, 1, 'Y'),
(459, 153, 2, 'Y'),
(460, 154, -1, 'Y'),
(461, 154, 1, 'Y'),
(462, 154, 2, 'Y'),
(463, 155, -1, 'Y'),
(464, 155, 1, 'Y'),
(465, 155, 2, 'Y'),
(466, 156, -1, 'Y'),
(467, 156, 1, 'Y'),
(468, 156, 2, 'N'),
(469, 157, -1, 'Y'),
(470, 157, 1, 'Y'),
(471, 157, 2, 'Y'),
(472, 158, -1, 'Y'),
(473, 158, 1, 'Y'),
(474, 158, 2, 'Y'),
(475, 159, -1, 'Y'),
(476, 159, 1, 'Y'),
(477, 159, 2, 'Y'),
(478, 160, -1, 'Y'),
(479, 160, 1, 'Y'),
(480, 160, 2, 'Y'),
(481, 161, -1, 'Y'),
(482, 161, 1, 'Y'),
(483, 161, 2, 'Y'),
(484, 162, -1, 'Y'),
(485, 162, 1, 'Y'),
(486, 162, 2, 'Y'),
(487, 163, -1, 'Y'),
(488, 163, 1, 'Y'),
(489, 163, 2, 'Y'),
(490, 164, -1, 'Y'),
(491, 164, 1, 'Y'),
(492, 164, 2, 'Y'),
(493, 165, -1, 'Y'),
(494, 165, 1, 'Y'),
(495, 165, 2, 'Y'),
(496, 166, -1, 'Y'),
(497, 166, 1, 'Y'),
(498, 166, 2, 'Y'),
(499, 167, -1, 'N'),
(500, 167, 1, 'Y'),
(501, 167, 2, 'N'),
(502, 168, -1, 'N'),
(503, 168, 1, 'Y'),
(504, 168, 2, 'N'),
(505, 169, -1, 'N'),
(506, 169, 1, 'Y'),
(507, 169, 2, 'N'),
(508, 170, -1, 'N'),
(509, 170, 1, 'Y'),
(510, 170, 2, 'N'),
(511, 171, -1, 'N'),
(512, 171, 1, 'Y'),
(513, 171, 2, 'N'),
(514, 172, -1, 'N'),
(515, 172, 1, 'Y'),
(516, 172, 2, 'Y'),
(517, 173, -1, 'N'),
(518, 173, 1, 'Y'),
(519, 173, 2, 'Y'),
(520, 174, -1, 'N'),
(521, 174, 1, 'Y'),
(522, 174, 2, 'Y'),
(523, 175, -1, 'N'),
(524, 175, 1, 'Y'),
(525, 175, 2, 'N'),
(526, 176, -1, 'N'),
(527, 176, 1, 'Y'),
(528, 176, 2, 'N'),
(529, 1, 3, 'Y'),
(530, 2, 3, 'Y'),
(531, 3, 3, 'Y'),
(532, 4, 3, 'Y'),
(533, 5, 3, 'Y'),
(534, 6, 3, 'Y'),
(535, 7, 3, 'Y'),
(536, 8, 3, 'Y'),
(537, 9, 3, 'Y'),
(538, 10, 3, 'N'),
(539, 11, 3, 'N'),
(540, 12, 3, 'Y'),
(541, 13, 3, 'Y'),
(542, 14, 3, 'Y'),
(543, 15, 3, 'Y'),
(544, 16, 3, 'N'),
(545, 17, 3, 'N'),
(546, 18, 3, 'N'),
(547, 19, 3, 'N'),
(548, 20, 3, 'N'),
(549, 21, 3, 'Y'),
(550, 22, 3, 'Y'),
(551, 23, 3, 'N'),
(552, 24, 3, 'Y'),
(553, 25, 3, 'Y'),
(554, 26, 3, 'Y'),
(555, 27, 3, 'Y'),
(556, 28, 3, 'Y'),
(557, 29, 3, 'Y'),
(558, 30, 3, 'Y'),
(559, 31, 3, 'Y'),
(560, 32, 3, 'Y'),
(561, 33, 3, 'Y'),
(562, 34, 3, 'Y'),
(563, 35, 3, 'N'),
(564, 36, 3, 'N'),
(565, 37, 3, 'N'),
(566, 38, 3, 'N'),
(567, 39, 3, 'N'),
(568, 40, 3, 'N'),
(569, 41, 3, 'Y'),
(570, 42, 3, 'Y'),
(571, 43, 3, 'Y'),
(572, 44, 3, 'N'),
(573, 45, 3, 'N'),
(574, 46, 3, 'N'),
(575, 47, 3, 'N'),
(576, 48, 3, 'N'),
(577, 49, 3, 'N'),
(578, 50, 3, 'N'),
(579, 51, 3, 'N'),
(580, 52, 3, 'N'),
(581, 53, 3, 'N'),
(582, 54, 3, 'N'),
(583, 55, 3, 'N'),
(584, 56, 3, 'N'),
(585, 57, 3, 'N'),
(586, 58, 3, 'N'),
(587, 59, 3, 'N'),
(588, 60, 3, 'Y'),
(589, 61, 3, 'Y'),
(590, 62, 3, 'Y'),
(591, 63, 3, 'Y'),
(592, 64, 3, 'Y'),
(593, 65, 3, 'N'),
(594, 66, 3, 'N'),
(595, 67, 3, 'N'),
(596, 68, 3, 'N'),
(597, 69, 3, 'Y'),
(598, 70, 3, 'Y'),
(599, 71, 3, 'N'),
(600, 72, 3, 'N'),
(601, 73, 3, 'N'),
(602, 74, 3, 'N'),
(603, 75, 3, 'N'),
(604, 76, 3, 'N'),
(605, 77, 3, 'Y'),
(606, 78, 3, 'Y'),
(607, 79, 3, 'Y'),
(608, 80, 3, 'Y'),
(609, 81, 3, 'Y'),
(610, 82, 3, 'Y'),
(611, 83, 3, 'N'),
(612, 84, 3, 'N'),
(613, 85, 3, 'N'),
(614, 86, 3, 'N'),
(615, 87, 3, 'N'),
(616, 88, 3, 'N'),
(617, 89, 3, 'N'),
(618, 90, 3, 'N'),
(619, 91, 3, 'N'),
(620, 92, 3, 'N'),
(621, 93, 3, 'N'),
(622, 94, 3, 'N'),
(623, 95, 3, 'N'),
(624, 96, 3, 'N'),
(625, 97, 3, 'N'),
(626, 98, 3, 'N'),
(627, 99, 3, 'N'),
(628, 100, 3, 'Y'),
(629, 101, 3, 'Y'),
(630, 102, 3, 'Y'),
(631, 103, 3, 'Y'),
(632, 104, 3, 'Y'),
(633, 105, 3, 'Y'),
(634, 106, 3, 'N'),
(635, 107, 3, 'N'),
(636, 108, 3, 'N'),
(637, 109, 3, 'N'),
(638, 110, 3, 'N'),
(639, 111, 3, 'N'),
(640, 112, 3, 'N'),
(641, 113, 3, 'N'),
(642, 114, 3, 'N'),
(643, 115, 3, 'Y'),
(644, 116, 3, 'N'),
(645, 117, 3, 'N'),
(646, 118, 3, 'N'),
(647, 119, 3, 'Y'),
(648, 120, 3, 'Y'),
(649, 121, 3, 'Y'),
(650, 122, 3, 'Y'),
(651, 123, 3, 'Y'),
(652, 124, 3, 'Y'),
(653, 125, 3, 'N'),
(654, 126, 3, 'N'),
(655, 127, 3, 'N'),
(656, 128, 3, 'N'),
(657, 129, 3, 'Y'),
(658, 130, 3, 'Y'),
(659, 131, 3, 'Y'),
(660, 132, 3, 'Y'),
(661, 133, 3, 'Y'),
(662, 134, 3, 'Y'),
(663, 135, 3, 'Y'),
(664, 136, 3, 'Y'),
(665, 137, 3, 'Y'),
(666, 138, 3, 'Y'),
(667, 139, 3, 'Y'),
(668, 140, 3, 'Y'),
(669, 141, 3, 'Y'),
(670, 142, 3, 'Y'),
(671, 143, 3, 'Y'),
(672, 144, 3, 'Y'),
(673, 145, 3, 'Y'),
(674, 146, 3, 'Y'),
(675, 147, 3, 'Y'),
(676, 148, 3, 'Y'),
(677, 149, 3, 'Y'),
(678, 150, 3, 'Y'),
(679, 151, 3, 'Y'),
(680, 152, 3, 'Y'),
(681, 153, 3, 'Y'),
(682, 154, 3, 'Y'),
(683, 155, 3, 'Y'),
(684, 156, 3, 'Y'),
(685, 157, 3, 'Y'),
(686, 158, 3, 'Y'),
(687, 159, 3, 'Y'),
(688, 160, 3, 'Y'),
(689, 161, 3, 'Y'),
(690, 162, 3, 'Y'),
(691, 163, 3, 'Y'),
(692, 164, 3, 'Y'),
(693, 165, 3, 'Y'),
(694, 166, 3, 'Y'),
(695, 167, 3, 'N'),
(696, 168, 3, 'N'),
(697, 169, 3, 'N'),
(698, 170, 3, 'N'),
(699, 171, 3, 'N'),
(700, 172, 3, 'Y'),
(701, 173, 3, 'Y'),
(702, 174, 3, 'Y'),
(703, 175, 3, 'N'),
(704, 176, 3, 'N'),
(705, 1, 4, 'Y'),
(706, 1, 5, 'Y'),
(707, 1, 6, 'Y'),
(708, 2, 4, 'Y'),
(709, 2, 5, 'Y'),
(710, 2, 6, 'Y'),
(711, 3, 4, 'Y'),
(712, 3, 5, 'Y'),
(713, 3, 6, 'Y'),
(714, 4, 4, 'Y'),
(715, 4, 5, 'Y'),
(716, 4, 6, 'Y'),
(717, 5, 4, 'Y'),
(718, 5, 5, 'Y'),
(719, 5, 6, 'Y'),
(720, 6, 4, 'Y'),
(721, 6, 5, 'Y'),
(722, 6, 6, 'Y'),
(723, 7, 4, 'N'),
(724, 7, 5, 'N'),
(725, 7, 6, 'N'),
(726, 8, 4, 'N'),
(727, 8, 5, 'N'),
(728, 8, 6, 'N'),
(729, 9, 4, 'N'),
(730, 9, 5, 'N'),
(731, 9, 6, 'N'),
(732, 10, 4, 'N'),
(733, 10, 5, 'N'),
(734, 10, 6, 'N'),
(735, 11, 4, 'N'),
(736, 11, 5, 'N'),
(737, 11, 6, 'N'),
(738, 12, 4, 'N'),
(739, 12, 5, 'N'),
(740, 12, 6, 'N'),
(741, 13, 4, 'N'),
(742, 13, 5, 'N'),
(743, 13, 6, 'N'),
(744, 14, 4, 'N'),
(745, 14, 5, 'N'),
(746, 14, 6, 'N'),
(747, 15, 4, 'N'),
(748, 15, 5, 'N'),
(749, 15, 6, 'N'),
(750, 16, 4, 'Y'),
(751, 16, 5, 'Y'),
(752, 16, 6, 'Y'),
(753, 17, 4, 'Y'),
(754, 17, 5, 'Y'),
(755, 17, 6, 'Y'),
(756, 18, 4, 'Y'),
(757, 18, 5, 'Y'),
(758, 18, 6, 'Y'),
(759, 19, 4, 'Y'),
(760, 19, 5, 'Y'),
(761, 19, 6, 'Y'),
(762, 20, 4, 'N'),
(763, 20, 5, 'N'),
(764, 20, 6, 'N'),
(765, 21, 4, 'Y'),
(766, 21, 5, 'Y'),
(767, 21, 6, 'Y'),
(768, 22, 4, 'Y'),
(769, 22, 5, 'Y'),
(770, 22, 6, 'Y'),
(771, 23, 4, 'N'),
(772, 23, 5, 'N'),
(773, 23, 6, 'N'),
(774, 24, 4, 'N'),
(775, 24, 5, 'N'),
(776, 24, 6, 'N'),
(777, 25, 4, 'N'),
(778, 25, 5, 'N'),
(779, 25, 6, 'N'),
(780, 26, 4, 'N'),
(781, 26, 5, 'N'),
(782, 26, 6, 'N'),
(783, 27, 4, 'N'),
(784, 27, 5, 'N'),
(785, 27, 6, 'N'),
(786, 28, 4, 'N'),
(787, 28, 5, 'N'),
(788, 28, 6, 'N'),
(789, 29, 4, 'Y'),
(790, 29, 5, 'Y'),
(791, 29, 6, 'Y'),
(792, 30, 4, 'N'),
(793, 30, 5, 'N'),
(794, 30, 6, 'N'),
(795, 31, 4, 'N'),
(796, 31, 5, 'N'),
(797, 31, 6, 'N'),
(798, 32, 4, 'N'),
(799, 32, 5, 'N'),
(800, 32, 6, 'N'),
(801, 33, 4, 'N'),
(802, 33, 5, 'N'),
(803, 33, 6, 'N'),
(804, 34, 4, 'Y'),
(805, 34, 5, 'Y'),
(806, 34, 6, 'Y'),
(807, 35, 4, 'Y'),
(808, 35, 5, 'N'),
(809, 35, 6, 'N'),
(810, 36, 4, 'Y'),
(811, 36, 5, 'N'),
(812, 36, 6, 'N'),
(813, 37, 4, 'Y'),
(814, 37, 5, 'N'),
(815, 37, 6, 'N'),
(816, 38, 4, 'Y'),
(817, 38, 5, 'N'),
(818, 38, 6, 'N'),
(819, 39, 4, 'Y'),
(820, 39, 5, 'N'),
(821, 39, 6, 'N'),
(822, 40, 4, 'N'),
(823, 40, 5, 'N'),
(824, 40, 6, 'N'),
(825, 41, 4, 'Y'),
(826, 41, 5, 'Y'),
(827, 41, 6, 'Y'),
(828, 42, 4, 'Y'),
(829, 42, 5, 'Y'),
(830, 42, 6, 'Y'),
(831, 43, 4, 'Y'),
(832, 43, 5, 'Y'),
(833, 43, 6, 'Y'),
(834, 44, 4, 'N'),
(835, 44, 5, 'N'),
(836, 44, 6, 'N'),
(837, 45, 4, 'N'),
(838, 45, 5, 'N'),
(839, 45, 6, 'N'),
(840, 46, 4, 'N'),
(841, 46, 5, 'N'),
(842, 46, 6, 'N'),
(843, 47, 4, 'N'),
(844, 47, 5, 'N'),
(845, 47, 6, 'N'),
(846, 48, 4, 'N'),
(847, 48, 5, 'N'),
(848, 48, 6, 'N'),
(849, 49, 4, 'N'),
(850, 49, 5, 'Y'),
(851, 49, 6, 'N'),
(852, 50, 4, 'N'),
(853, 50, 5, 'Y'),
(854, 50, 6, 'N'),
(855, 51, 4, 'N'),
(856, 51, 5, 'Y'),
(857, 51, 6, 'N'),
(858, 52, 4, 'N'),
(859, 52, 5, 'Y'),
(860, 52, 6, 'N'),
(861, 53, 4, 'N'),
(862, 53, 5, 'Y'),
(863, 53, 6, 'N'),
(864, 54, 4, 'N'),
(865, 54, 5, 'Y'),
(866, 54, 6, 'N'),
(867, 55, 4, 'N'),
(868, 55, 5, 'Y'),
(869, 55, 6, 'N'),
(870, 56, 4, 'N'),
(871, 56, 5, 'Y'),
(872, 56, 6, 'N'),
(873, 57, 4, 'N'),
(874, 57, 5, 'Y'),
(875, 57, 6, 'N'),
(876, 58, 4, 'N'),
(877, 58, 5, 'Y'),
(878, 58, 6, 'N'),
(879, 59, 4, 'N'),
(880, 59, 5, 'Y'),
(881, 59, 6, 'N'),
(882, 60, 4, 'Y'),
(883, 60, 5, 'Y'),
(884, 60, 6, 'Y'),
(885, 61, 4, 'Y'),
(886, 61, 5, 'Y'),
(887, 61, 6, 'Y'),
(888, 62, 4, 'Y'),
(889, 62, 5, 'Y'),
(890, 62, 6, 'Y'),
(891, 63, 4, 'Y'),
(892, 63, 5, 'Y'),
(893, 63, 6, 'Y'),
(894, 64, 4, 'Y'),
(895, 64, 5, 'Y'),
(896, 64, 6, 'Y'),
(897, 65, 4, 'N'),
(898, 65, 5, 'N'),
(899, 65, 6, 'N'),
(900, 66, 4, 'N'),
(901, 66, 5, 'N'),
(902, 66, 6, 'N'),
(903, 67, 4, 'N'),
(904, 67, 5, 'N'),
(905, 67, 6, 'N'),
(906, 68, 4, 'N'),
(907, 68, 5, 'N'),
(908, 68, 6, 'N'),
(909, 69, 4, 'Y'),
(910, 69, 5, 'Y'),
(911, 69, 6, 'Y'),
(912, 70, 4, 'Y'),
(913, 70, 5, 'Y'),
(914, 70, 6, 'Y'),
(915, 71, 4, 'N'),
(916, 71, 5, 'N'),
(917, 71, 6, 'N'),
(918, 72, 4, 'N'),
(919, 72, 5, 'N'),
(920, 72, 6, 'N'),
(921, 73, 4, 'N'),
(922, 73, 5, 'N'),
(923, 73, 6, 'N'),
(924, 74, 4, 'N'),
(925, 74, 5, 'N'),
(926, 74, 6, 'N'),
(927, 75, 4, 'N'),
(928, 75, 5, 'N'),
(929, 75, 6, 'N'),
(930, 76, 4, 'N'),
(931, 76, 5, 'N'),
(932, 76, 6, 'N'),
(933, 77, 4, 'Y'),
(934, 77, 5, 'Y'),
(935, 77, 6, 'Y'),
(936, 78, 4, 'Y'),
(937, 78, 5, 'Y'),
(938, 78, 6, 'Y'),
(939, 79, 4, 'Y'),
(940, 79, 5, 'Y'),
(941, 79, 6, 'Y'),
(942, 80, 4, 'Y'),
(943, 80, 5, 'Y'),
(944, 80, 6, 'Y'),
(945, 81, 4, 'Y'),
(946, 81, 5, 'Y'),
(947, 81, 6, 'Y'),
(948, 82, 4, 'Y'),
(949, 82, 5, 'Y'),
(950, 82, 6, 'Y'),
(951, 83, 4, 'N'),
(952, 83, 5, 'N'),
(953, 83, 6, 'N'),
(954, 84, 4, 'N'),
(955, 84, 5, 'N'),
(956, 84, 6, 'N'),
(957, 85, 4, 'N'),
(958, 85, 5, 'N'),
(959, 85, 6, 'N'),
(960, 86, 4, 'N'),
(961, 86, 5, 'N'),
(962, 86, 6, 'N'),
(963, 87, 4, 'N'),
(964, 87, 5, 'N'),
(965, 87, 6, 'N'),
(966, 88, 4, 'N'),
(967, 88, 5, 'N'),
(968, 88, 6, 'N'),
(969, 89, 4, 'N'),
(970, 89, 5, 'N'),
(971, 89, 6, 'N'),
(972, 90, 4, 'N'),
(973, 90, 5, 'N'),
(974, 90, 6, 'N'),
(975, 91, 4, 'N'),
(976, 91, 5, 'N'),
(977, 91, 6, 'N'),
(978, 92, 4, 'N'),
(979, 92, 5, 'N'),
(980, 92, 6, 'N'),
(981, 93, 4, 'N'),
(982, 93, 5, 'N'),
(983, 93, 6, 'N'),
(984, 94, 4, 'N'),
(985, 94, 5, 'N'),
(986, 94, 6, 'N'),
(987, 95, 4, 'N'),
(988, 95, 5, 'N'),
(989, 95, 6, 'N'),
(990, 96, 4, 'N'),
(991, 96, 5, 'N'),
(992, 96, 6, 'N'),
(993, 97, 4, 'N'),
(994, 97, 5, 'N'),
(995, 97, 6, 'N'),
(996, 98, 4, 'N'),
(997, 98, 5, 'N'),
(998, 98, 6, 'N'),
(999, 99, 4, 'N'),
(1000, 99, 5, 'N'),
(1001, 99, 6, 'N'),
(1002, 100, 4, 'Y'),
(1003, 100, 5, 'Y'),
(1004, 100, 6, 'Y'),
(1005, 101, 4, 'Y'),
(1006, 101, 5, 'Y'),
(1007, 101, 6, 'Y'),
(1008, 102, 4, 'Y'),
(1009, 102, 5, 'Y'),
(1010, 102, 6, 'Y'),
(1011, 103, 4, 'Y'),
(1012, 103, 5, 'Y'),
(1013, 103, 6, 'Y'),
(1014, 104, 4, 'Y'),
(1015, 104, 5, 'Y'),
(1016, 104, 6, 'Y'),
(1017, 105, 4, 'Y'),
(1018, 105, 5, 'Y'),
(1019, 105, 6, 'Y'),
(1020, 106, 4, 'N'),
(1021, 106, 5, 'N'),
(1022, 106, 6, 'N'),
(1023, 107, 4, 'N'),
(1024, 107, 5, 'N'),
(1025, 107, 6, 'N'),
(1026, 108, 4, 'N'),
(1027, 108, 5, 'N'),
(1028, 108, 6, 'N'),
(1029, 109, 4, 'N'),
(1030, 109, 5, 'N'),
(1031, 109, 6, 'N'),
(1032, 110, 4, 'N'),
(1033, 110, 5, 'N'),
(1034, 110, 6, 'N'),
(1035, 111, 4, 'N'),
(1036, 111, 5, 'N'),
(1037, 111, 6, 'N'),
(1038, 112, 4, 'N'),
(1039, 112, 5, 'N'),
(1040, 112, 6, 'N'),
(1041, 113, 4, 'N'),
(1042, 113, 5, 'N'),
(1043, 113, 6, 'N'),
(1044, 114, 4, 'N'),
(1045, 114, 5, 'N'),
(1046, 114, 6, 'N'),
(1047, 115, 4, 'Y'),
(1048, 115, 5, 'Y'),
(1049, 115, 6, 'Y'),
(1050, 116, 4, 'N'),
(1051, 116, 5, 'N'),
(1052, 116, 6, 'Y'),
(1053, 117, 4, 'N'),
(1054, 117, 5, 'N'),
(1055, 117, 6, 'Y'),
(1056, 118, 4, 'N'),
(1057, 118, 5, 'Y'),
(1058, 118, 6, 'Y'),
(1059, 119, 4, 'Y'),
(1060, 119, 5, 'Y'),
(1061, 119, 6, 'Y'),
(1062, 120, 4, 'Y'),
(1063, 120, 5, 'Y'),
(1064, 120, 6, 'Y'),
(1065, 121, 4, 'Y'),
(1066, 121, 5, 'Y'),
(1067, 121, 6, 'Y'),
(1068, 122, 4, 'Y'),
(1069, 122, 5, 'Y'),
(1070, 122, 6, 'Y'),
(1071, 123, 4, 'Y'),
(1072, 123, 5, 'Y'),
(1073, 123, 6, 'Y'),
(1074, 124, 4, 'Y'),
(1075, 124, 5, 'Y'),
(1076, 124, 6, 'Y'),
(1077, 125, 4, 'N'),
(1078, 125, 5, 'N'),
(1079, 125, 6, 'Y'),
(1080, 126, 4, 'N'),
(1081, 126, 5, 'N'),
(1082, 126, 6, 'Y'),
(1083, 127, 4, 'N'),
(1084, 127, 5, 'N'),
(1085, 127, 6, 'Y'),
(1086, 128, 4, 'N'),
(1087, 128, 5, 'N'),
(1088, 128, 6, 'Y'),
(1089, 129, 4, 'Y'),
(1090, 129, 5, 'Y'),
(1091, 129, 6, 'Y'),
(1092, 130, 4, 'Y'),
(1093, 130, 5, 'Y'),
(1094, 130, 6, 'Y'),
(1095, 131, 4, 'Y'),
(1096, 131, 5, 'Y'),
(1097, 131, 6, 'Y'),
(1098, 132, 4, 'Y'),
(1099, 132, 5, 'Y'),
(1100, 132, 6, 'Y'),
(1101, 133, 4, 'Y'),
(1102, 133, 5, 'Y'),
(1103, 133, 6, 'Y'),
(1104, 134, 4, 'Y'),
(1105, 134, 5, 'Y'),
(1106, 134, 6, 'Y'),
(1107, 135, 4, 'Y'),
(1108, 135, 5, 'Y'),
(1109, 135, 6, 'Y'),
(1110, 136, 4, 'Y'),
(1111, 136, 5, 'Y'),
(1112, 136, 6, 'Y'),
(1113, 137, 4, 'Y'),
(1114, 137, 5, 'Y'),
(1115, 137, 6, 'Y'),
(1116, 138, 4, 'Y'),
(1117, 138, 5, 'Y'),
(1118, 138, 6, 'Y'),
(1119, 139, 4, 'Y'),
(1120, 139, 5, 'Y'),
(1121, 139, 6, 'Y'),
(1122, 140, 4, 'Y'),
(1123, 140, 5, 'Y'),
(1124, 140, 6, 'Y'),
(1125, 141, 4, 'Y'),
(1126, 141, 5, 'Y'),
(1127, 141, 6, 'Y'),
(1128, 142, 4, 'Y'),
(1129, 142, 5, 'Y'),
(1130, 142, 6, 'Y'),
(1131, 143, 4, 'Y'),
(1132, 143, 5, 'Y'),
(1133, 143, 6, 'Y'),
(1134, 144, 4, 'Y'),
(1135, 144, 5, 'Y'),
(1136, 144, 6, 'Y'),
(1137, 145, 4, 'Y'),
(1138, 145, 5, 'Y'),
(1139, 145, 6, 'Y'),
(1140, 146, 4, 'Y'),
(1141, 146, 5, 'Y'),
(1142, 146, 6, 'Y'),
(1143, 147, 4, 'Y'),
(1144, 147, 5, 'Y'),
(1145, 147, 6, 'Y'),
(1146, 148, 4, 'Y'),
(1147, 148, 5, 'Y'),
(1148, 148, 6, 'Y'),
(1149, 149, 4, 'Y'),
(1150, 149, 5, 'Y'),
(1151, 149, 6, 'Y'),
(1152, 150, 4, 'Y'),
(1153, 150, 5, 'Y'),
(1154, 150, 6, 'Y'),
(1155, 151, 4, 'Y'),
(1156, 151, 5, 'Y'),
(1157, 151, 6, 'Y'),
(1158, 152, 4, 'Y'),
(1159, 152, 5, 'Y'),
(1160, 152, 6, 'Y'),
(1161, 153, 4, 'Y'),
(1162, 153, 5, 'Y'),
(1163, 153, 6, 'Y'),
(1164, 154, 4, 'Y'),
(1165, 154, 5, 'Y'),
(1166, 154, 6, 'Y'),
(1167, 155, 4, 'Y'),
(1168, 155, 5, 'Y'),
(1169, 155, 6, 'Y'),
(1170, 156, 4, 'Y'),
(1171, 156, 5, 'Y'),
(1172, 156, 6, 'Y'),
(1173, 157, 4, 'Y'),
(1174, 157, 5, 'Y'),
(1175, 157, 6, 'Y'),
(1176, 158, 4, 'Y'),
(1177, 158, 5, 'Y'),
(1178, 158, 6, 'Y'),
(1179, 159, 4, 'Y'),
(1180, 159, 5, 'Y'),
(1181, 159, 6, 'Y'),
(1182, 160, 4, 'Y'),
(1183, 160, 5, 'Y'),
(1184, 160, 6, 'Y'),
(1185, 161, 4, 'Y'),
(1186, 161, 5, 'Y'),
(1187, 161, 6, 'Y'),
(1188, 162, 4, 'Y'),
(1189, 162, 5, 'Y'),
(1190, 162, 6, 'Y'),
(1191, 163, 4, 'Y'),
(1192, 163, 5, 'Y'),
(1193, 163, 6, 'Y'),
(1194, 164, 4, 'Y'),
(1195, 164, 5, 'Y'),
(1196, 164, 6, 'Y'),
(1197, 165, 4, 'Y'),
(1198, 165, 5, 'Y'),
(1199, 165, 6, 'Y'),
(1200, 166, 4, 'Y'),
(1201, 166, 5, 'Y'),
(1202, 166, 6, 'Y'),
(1203, 167, 4, 'N'),
(1204, 167, 5, 'N'),
(1205, 167, 6, 'N'),
(1206, 168, 4, 'N'),
(1207, 168, 5, 'N'),
(1208, 168, 6, 'N'),
(1209, 169, 4, 'N'),
(1210, 169, 5, 'N'),
(1211, 169, 6, 'N'),
(1212, 170, 4, 'N'),
(1213, 170, 5, 'N'),
(1214, 170, 6, 'N'),
(1215, 171, 4, 'N'),
(1216, 171, 5, 'N'),
(1217, 171, 6, 'N'),
(1218, 172, 4, 'Y'),
(1219, 172, 5, 'Y'),
(1220, 172, 6, 'Y'),
(1221, 173, 4, 'Y'),
(1222, 173, 5, 'Y'),
(1223, 173, 6, 'Y'),
(1224, 174, 4, 'Y'),
(1225, 174, 5, 'Y'),
(1226, 174, 6, 'Y'),
(1227, 175, 4, 'N'),
(1228, 175, 5, 'N'),
(1229, 175, 6, 'N'),
(1230, 176, 4, 'N'),
(1231, 176, 5, 'N'),
(1232, 176, 6, 'N'),
(1233, 1, 0, 'Y'),
(1234, 2, 0, 'Y'),
(1235, 3, 0, 'Y'),
(1236, 4, 0, 'Y'),
(1237, 5, 0, 'Y'),
(1238, 6, 0, 'N'),
(1239, 7, 0, 'N'),
(1240, 8, 0, 'N'),
(1241, 9, 0, 'N'),
(1242, 10, 0, 'N'),
(1243, 11, 0, 'N'),
(1244, 12, 0, 'N'),
(1245, 13, 0, 'N'),
(1246, 14, 0, 'N'),
(1247, 15, 0, 'N'),
(1248, 16, 0, 'N'),
(1249, 17, 0, 'N'),
(1250, 18, 0, 'N'),
(1251, 19, 0, 'N'),
(1252, 20, 0, 'N'),
(1253, 21, 0, 'N'),
(1254, 22, 0, 'N'),
(1255, 23, 0, 'N'),
(1256, 24, 0, 'N'),
(1257, 25, 0, 'N'),
(1258, 26, 0, 'Y'),
(1259, 27, 0, 'Y'),
(1260, 28, 0, 'Y'),
(1261, 29, 0, 'N'),
(1262, 30, 0, 'Y'),
(1263, 31, 0, 'Y'),
(1264, 32, 0, 'Y'),
(1265, 33, 0, 'Y'),
(1266, 34, 0, 'N'),
(1267, 35, 0, 'N'),
(1268, 36, 0, 'N'),
(1269, 37, 0, 'N'),
(1270, 38, 0, 'N'),
(1271, 39, 0, 'N'),
(1272, 40, 0, 'N'),
(1273, 41, 0, 'Y'),
(1274, 42, 0, 'Y'),
(1275, 43, 0, 'Y'),
(1276, 44, 0, 'N'),
(1277, 45, 0, 'N'),
(1278, 46, 0, 'N'),
(1279, 47, 0, 'N'),
(1280, 48, 0, 'N'),
(1281, 49, 0, 'N'),
(1282, 50, 0, 'N'),
(1283, 51, 0, 'N'),
(1284, 52, 0, 'N'),
(1285, 53, 0, 'N'),
(1286, 54, 0, 'N'),
(1287, 55, 0, 'N'),
(1288, 56, 0, 'N'),
(1289, 57, 0, 'N'),
(1290, 58, 0, 'N'),
(1291, 59, 0, 'N'),
(1292, 60, 0, 'Y'),
(1293, 61, 0, 'Y'),
(1294, 62, 0, 'Y'),
(1295, 63, 0, 'Y'),
(1296, 64, 0, 'Y'),
(1297, 65, 0, 'N'),
(1298, 66, 0, 'N'),
(1299, 67, 0, 'N'),
(1300, 68, 0, 'N'),
(1301, 69, 0, 'Y'),
(1302, 70, 0, 'Y'),
(1303, 71, 0, 'N'),
(1304, 72, 0, 'N'),
(1305, 73, 0, 'N'),
(1306, 74, 0, 'N'),
(1307, 75, 0, 'N'),
(1308, 76, 0, 'N'),
(1309, 77, 0, 'Y'),
(1310, 78, 0, 'Y'),
(1311, 79, 0, 'Y'),
(1312, 80, 0, 'Y'),
(1313, 81, 0, 'Y'),
(1314, 82, 0, 'Y'),
(1315, 83, 0, 'N'),
(1316, 84, 0, 'N'),
(1317, 85, 0, 'N'),
(1318, 86, 0, 'N'),
(1319, 87, 0, 'Y'),
(1320, 88, 0, 'Y'),
(1321, 89, 0, 'Y'),
(1322, 90, 0, 'Y'),
(1323, 91, 0, 'N'),
(1324, 92, 0, 'N'),
(1325, 93, 0, 'N'),
(1326, 94, 0, 'N'),
(1327, 95, 0, 'N'),
(1328, 96, 0, 'N'),
(1329, 97, 0, 'N'),
(1330, 98, 0, 'N'),
(1331, 99, 0, 'N'),
(1332, 100, 0, 'Y'),
(1333, 101, 0, 'Y'),
(1334, 102, 0, 'Y'),
(1335, 103, 0, 'Y'),
(1336, 104, 0, 'Y'),
(1337, 105, 0, 'Y'),
(1338, 106, 0, 'N'),
(1339, 107, 0, 'N'),
(1340, 108, 0, 'N'),
(1341, 109, 0, 'N'),
(1342, 110, 0, 'N'),
(1343, 111, 0, 'N'),
(1344, 112, 0, 'N'),
(1345, 113, 0, 'N'),
(1346, 114, 0, 'N'),
(1347, 115, 0, 'Y'),
(1348, 116, 0, 'N'),
(1349, 117, 0, 'N'),
(1350, 118, 0, 'N'),
(1351, 119, 0, 'Y'),
(1352, 120, 0, 'Y'),
(1353, 121, 0, 'Y'),
(1354, 122, 0, 'Y'),
(1355, 123, 0, 'Y'),
(1356, 124, 0, 'Y'),
(1357, 125, 0, 'N'),
(1358, 126, 0, 'N'),
(1359, 127, 0, 'N'),
(1360, 128, 0, 'N'),
(1361, 129, 0, 'Y'),
(1362, 130, 0, 'Y'),
(1363, 131, 0, 'Y'),
(1364, 132, 0, 'Y'),
(1365, 133, 0, 'Y'),
(1366, 134, 0, 'Y'),
(1367, 135, 0, 'Y'),
(1368, 136, 0, 'Y'),
(1369, 137, 0, 'Y'),
(1370, 138, 0, 'Y'),
(1371, 139, 0, 'Y'),
(1372, 140, 0, 'Y'),
(1373, 141, 0, 'Y'),
(1374, 142, 0, 'Y'),
(1375, 143, 0, 'Y'),
(1376, 144, 0, 'Y'),
(1377, 145, 0, 'Y'),
(1378, 146, 0, 'Y'),
(1379, 147, 0, 'Y'),
(1380, 148, 0, 'Y'),
(1381, 149, 0, 'Y'),
(1382, 150, 0, 'Y'),
(1383, 151, 0, 'Y'),
(1384, 152, 0, 'Y'),
(1385, 153, 0, 'Y'),
(1386, 154, 0, 'Y'),
(1387, 155, 0, 'Y'),
(1388, 156, 0, 'Y'),
(1389, 157, 0, 'Y'),
(1390, 158, 0, 'Y'),
(1391, 159, 0, 'Y'),
(1392, 160, 0, 'Y'),
(1393, 161, 0, 'Y'),
(1394, 162, 0, 'Y'),
(1395, 163, 0, 'Y'),
(1396, 164, 0, 'Y'),
(1397, 165, 0, 'Y'),
(1398, 166, 0, 'Y'),
(1399, 167, 0, 'N'),
(1400, 168, 0, 'N'),
(1401, 169, 0, 'N'),
(1402, 170, 0, 'N'),
(1403, 171, 0, 'N'),
(1404, 172, 0, 'N'),
(1405, 173, 0, 'N'),
(1406, 174, 0, 'N'),
(1407, 175, 0, 'N'),
(1408, 176, 0, 'N'),
(1409, 177, 1, 'Y'),
(1410, 177, 3, 'Y'),
(1411, 177, 4, 'Y'),
(1412, 177, 5, 'Y'),
(1413, 177, 6, 'Y'),
(1414, 178, 1, 'Y'),
(1415, 178, 3, 'Y'),
(1416, 178, 4, 'Y'),
(1417, 178, 5, 'Y'),
(1418, 178, 6, 'Y'),
(1419, 179, 1, 'Y'),
(1420, 179, 3, 'Y'),
(1421, 179, 4, 'Y'),
(1422, 179, 5, 'Y'),
(1423, 179, 6, 'Y'),
(1424, 180, 1, 'Y'),
(1425, 180, 3, 'Y'),
(1426, 180, 4, 'Y'),
(1427, 180, 5, 'Y'),
(1428, 180, 6, 'Y'),
(1429, 181, 1, 'Y'),
(1430, 181, 3, 'Y'),
(1431, 181, 4, 'Y'),
(1432, 181, 5, 'Y'),
(1433, 181, 6, 'Y'),
(1434, 182, 1, 'Y'),
(1435, 182, 3, 'Y'),
(1436, 182, 4, 'Y'),
(1437, 182, 5, 'Y'),
(1438, 182, 6, 'Y'),
(1439, 183, 1, 'Y'),
(1440, 183, 3, 'Y'),
(1441, 183, 4, 'Y'),
(1442, 183, 5, 'Y'),
(1443, 183, 6, 'Y'),
(1444, 184, 1, 'Y'),
(1445, 184, 3, 'Y'),
(1446, 184, 4, 'Y'),
(1447, 184, 5, 'Y'),
(1448, 184, 6, 'Y'),
(1449, 185, 1, 'Y'),
(1450, 185, 3, 'Y'),
(1451, 185, 4, 'Y'),
(1452, 185, 5, 'Y'),
(1453, 185, 6, 'Y'),
(1454, 186, 1, 'Y'),
(1455, 186, 3, 'Y'),
(1456, 186, 4, 'Y'),
(1457, 186, 5, 'Y'),
(1458, 186, 6, 'Y'),
(1459, 187, 1, 'Y'),
(1460, 187, 3, 'Y'),
(1461, 187, 4, 'Y'),
(1462, 187, 5, 'Y'),
(1463, 187, 6, 'Y'),
(1464, 188, 1, 'Y'),
(1465, 188, 3, 'Y'),
(1466, 188, 4, 'Y'),
(1467, 188, 5, 'Y'),
(1468, 188, 6, 'Y'),
(1469, 189, 1, 'Y'),
(1470, 189, 3, 'Y'),
(1471, 189, 4, 'Y'),
(1472, 189, 5, 'Y'),
(1473, 189, 6, 'Y'),
(1474, 190, 1, 'Y'),
(1475, 190, 3, 'Y'),
(1476, 190, 4, 'Y'),
(1477, 190, 5, 'Y'),
(1478, 190, 6, 'Y'),
(1479, 191, 1, 'Y'),
(1480, 191, 3, 'Y'),
(1481, 191, 4, 'Y'),
(1482, 191, 5, 'Y'),
(1483, 191, 6, 'Y'),
(1484, 192, 1, 'Y'),
(1485, 192, 3, 'Y'),
(1486, 192, 4, 'Y'),
(1487, 192, 5, 'Y'),
(1488, 192, 6, 'Y'),
(1489, 193, 1, 'Y'),
(1490, 193, 3, 'Y'),
(1491, 193, 4, 'Y'),
(1492, 193, 5, 'Y'),
(1493, 193, 6, 'Y'),
(1494, 194, 1, 'Y'),
(1495, 194, 3, 'Y'),
(1496, 194, 4, 'Y'),
(1497, 194, 5, 'Y'),
(1498, 194, 6, 'Y'),
(1499, 195, 1, 'Y'),
(1500, 195, 3, 'Y'),
(1501, 195, 4, 'Y'),
(1502, 195, 5, 'Y'),
(1503, 195, 6, 'Y'),
(1504, 196, 1, 'Y'),
(1505, 196, 3, 'Y'),
(1506, 196, 4, 'Y'),
(1507, 196, 5, 'Y'),
(1508, 196, 6, 'Y'),
(1509, 197, 1, 'Y'),
(1510, 197, 3, 'Y'),
(1511, 197, 4, 'Y'),
(1512, 197, 5, 'Y'),
(1513, 197, 6, 'Y'),
(1514, 198, 1, 'Y'),
(1515, 198, 3, 'Y'),
(1516, 198, 4, 'Y'),
(1517, 198, 5, 'Y'),
(1518, 198, 6, 'Y'),
(1519, 199, 1, 'Y'),
(1520, 199, 3, 'Y'),
(1521, 199, 4, 'Y'),
(1522, 199, 5, 'Y'),
(1523, 199, 6, 'Y'),
(1524, 200, 1, 'Y'),
(1525, 200, 3, 'Y'),
(1526, 200, 4, 'Y'),
(1527, 200, 5, 'Y'),
(1528, 200, 6, 'Y'),
(1529, 201, 1, 'Y'),
(1530, 201, 3, 'Y'),
(1531, 201, 4, 'Y'),
(1532, 201, 5, 'Y'),
(1533, 201, 6, 'Y'),
(1534, 202, 1, 'Y'),
(1535, 202, 3, 'Y'),
(1536, 202, 4, 'Y'),
(1537, 202, 5, 'Y'),
(1538, 202, 6, 'Y'),
(1539, 203, 1, 'Y'),
(1540, 203, 3, 'Y'),
(1541, 203, 4, 'Y'),
(1542, 203, 5, 'Y'),
(1543, 203, 6, 'Y'),
(1544, 204, 1, 'Y'),
(1545, 204, 3, 'Y'),
(1546, 204, 4, 'Y'),
(1547, 204, 5, 'Y'),
(1548, 204, 6, 'Y'),
(1549, 205, 1, 'Y'),
(1550, 205, 3, 'Y'),
(1551, 205, 4, 'Y'),
(1552, 205, 5, 'Y'),
(1553, 205, 6, 'Y'),
(1554, 206, 1, 'Y'),
(1555, 206, 3, 'Y'),
(1556, 206, 4, 'Y'),
(1557, 206, 5, 'Y'),
(1558, 206, 6, 'Y'),
(1559, 207, 1, 'Y'),
(1560, 207, 3, 'Y'),
(1561, 207, 4, 'Y'),
(1562, 207, 5, 'Y'),
(1563, 207, 6, 'Y'),
(1564, 208, 1, 'Y'),
(1565, 208, 3, 'Y'),
(1566, 208, 4, 'Y'),
(1567, 208, 5, 'Y'),
(1568, 208, 6, 'Y'),
(1569, 209, 1, 'Y'),
(1570, 209, 3, 'Y'),
(1571, 209, 4, 'Y'),
(1572, 209, 5, 'Y'),
(1573, 209, 6, 'Y'),
(1574, 210, 1, 'Y'),
(1575, 210, 3, 'Y'),
(1576, 210, 4, 'Y'),
(1577, 210, 5, 'Y'),
(1578, 210, 6, 'Y'),
(1579, 211, 1, 'Y'),
(1580, 211, 3, 'Y'),
(1581, 211, 4, 'Y'),
(1582, 211, 5, 'Y'),
(1583, 211, 6, 'Y'),
(1584, 212, 1, 'Y'),
(1585, 212, 3, 'Y'),
(1586, 212, 4, 'Y'),
(1587, 212, 5, 'Y'),
(1588, 212, 6, 'Y'),
(1589, 213, 1, 'Y'),
(1590, 213, 3, 'Y'),
(1591, 213, 4, 'Y'),
(1592, 213, 5, 'Y'),
(1593, 213, 6, 'Y'),
(1594, 214, 1, 'Y'),
(1595, 214, 3, 'Y'),
(1596, 214, 4, 'Y'),
(1597, 214, 5, 'Y'),
(1598, 214, 6, 'Y'),
(1599, 215, 1, 'Y'),
(1600, 215, 3, 'Y'),
(1601, 215, 4, 'Y'),
(1602, 215, 5, 'Y'),
(1603, 215, 6, 'Y'),
(1604, 216, 1, 'Y'),
(1605, 216, 3, 'Y'),
(1606, 216, 4, 'Y'),
(1607, 216, 5, 'Y'),
(1608, 216, 6, 'Y'),
(1609, 217, 1, 'Y'),
(1610, 217, 3, 'Y'),
(1611, 217, 4, 'Y'),
(1612, 217, 5, 'Y'),
(1613, 217, 6, 'Y'),
(1614, 218, 1, 'Y'),
(1615, 218, 3, 'N'),
(1616, 218, 4, 'N'),
(1617, 218, 5, 'N'),
(1618, 218, 6, 'N'),
(1619, 219, 1, 'Y'),
(1620, 219, 3, 'N'),
(1621, 219, 4, 'N'),
(1622, 219, 5, 'N'),
(1623, 219, 6, 'N'),
(1624, 220, 1, 'Y'),
(1625, 220, 3, 'N'),
(1626, 220, 4, 'N'),
(1627, 220, 5, 'N'),
(1628, 220, 6, 'N'),
(1629, 221, 1, 'Y'),
(1630, 221, 3, 'N'),
(1631, 221, 4, 'N'),
(1632, 221, 5, 'N'),
(1633, 221, 6, 'N'),
(1634, 222, 1, 'Y'),
(1635, 222, 3, 'N'),
(1636, 222, 4, 'N'),
(1637, 222, 5, 'N'),
(1638, 222, 6, 'N'),
(1639, 223, 1, 'Y'),
(1640, 223, 3, 'Y'),
(1641, 223, 4, 'Y'),
(1642, 223, 5, 'Y'),
(1643, 223, 6, 'Y'),
(1644, 224, 1, 'Y'),
(1645, 224, 3, 'Y'),
(1646, 224, 4, 'Y'),
(1647, 224, 5, 'Y'),
(1648, 224, 6, 'Y'),
(1649, 225, 1, 'Y'),
(1650, 225, 3, 'Y'),
(1651, 225, 4, 'Y'),
(1652, 225, 5, 'Y'),
(1653, 225, 6, 'Y'),
(1654, 226, 1, 'Y'),
(1655, 226, 3, 'Y'),
(1656, 226, 4, 'Y'),
(1657, 226, 5, 'Y'),
(1658, 226, 6, 'Y'),
(1659, 227, 1, 'Y'),
(1660, 227, 3, 'Y'),
(1661, 227, 4, 'Y'),
(1662, 227, 5, 'Y'),
(1663, 227, 6, 'Y'),
(1664, 228, 1, 'Y'),
(1665, 228, 3, 'Y'),
(1666, 228, 4, 'Y'),
(1667, 228, 5, 'Y'),
(1668, 228, 6, 'Y'),
(1669, 229, 1, 'Y'),
(1670, 229, 3, 'Y'),
(1671, 229, 4, 'Y'),
(1672, 229, 5, 'Y'),
(1673, 229, 6, 'Y'),
(1674, 230, 1, 'Y'),
(1675, 230, 3, 'Y'),
(1676, 230, 4, 'Y'),
(1677, 230, 5, 'Y'),
(1678, 230, 6, 'Y'),
(1679, 231, 1, 'Y'),
(1680, 231, 3, 'Y'),
(1681, 231, 4, 'Y'),
(1682, 231, 5, 'Y'),
(1683, 231, 6, 'Y'),
(1684, 232, 1, 'Y'),
(1685, 232, 3, 'Y'),
(1686, 232, 4, 'Y'),
(1687, 232, 5, 'Y'),
(1688, 232, 6, 'Y'),
(1689, 1, 7, 'N'),
(1690, 2, 7, 'N'),
(1691, 3, 7, 'N'),
(1692, 4, 7, 'N'),
(1693, 5, 7, 'N'),
(1694, 6, 7, 'N'),
(1695, 7, 7, 'N'),
(1696, 8, 7, 'N'),
(1697, 9, 7, 'N'),
(1698, 10, 7, 'N'),
(1699, 11, 7, 'N'),
(1700, 12, 7, 'N'),
(1701, 13, 7, 'N'),
(1702, 14, 7, 'N'),
(1703, 15, 7, 'N'),
(1704, 16, 7, 'N'),
(1705, 17, 7, 'N'),
(1706, 18, 7, 'N'),
(1707, 19, 7, 'N'),
(1708, 20, 7, 'N'),
(1709, 21, 7, 'N'),
(1710, 22, 7, 'N'),
(1711, 23, 7, 'N'),
(1712, 29, 7, 'Y'),
(1713, 34, 7, 'N'),
(1714, 35, 7, 'N'),
(1715, 36, 7, 'N'),
(1716, 37, 7, 'N'),
(1717, 38, 7, 'N'),
(1718, 39, 7, 'N'),
(1719, 40, 7, 'N'),
(1720, 41, 7, 'N'),
(1721, 42, 7, 'N'),
(1722, 43, 7, 'Y'),
(1723, 49, 7, 'N'),
(1724, 50, 7, 'N'),
(1725, 51, 7, 'N'),
(1726, 52, 7, 'N'),
(1727, 53, 7, 'N'),
(1728, 54, 7, 'N'),
(1729, 55, 7, 'N'),
(1730, 56, 7, 'N'),
(1731, 57, 7, 'N'),
(1732, 58, 7, 'N'),
(1733, 59, 7, 'N'),
(1734, 60, 7, 'N'),
(1735, 61, 7, 'N'),
(1736, 62, 7, 'N'),
(1737, 63, 7, 'N'),
(1738, 64, 7, 'N'),
(1739, 65, 7, 'N'),
(1740, 66, 7, 'N'),
(1741, 67, 7, 'N'),
(1742, 68, 7, 'N'),
(1743, 69, 7, 'Y'),
(1744, 70, 7, 'Y'),
(1745, 71, 7, 'Y'),
(1746, 72, 7, 'Y'),
(1747, 73, 7, 'Y'),
(1748, 74, 7, 'Y'),
(1749, 75, 7, 'Y'),
(1750, 76, 7, 'Y'),
(1751, 77, 7, 'Y'),
(1752, 78, 7, 'Y'),
(1753, 79, 7, 'Y'),
(1754, 80, 7, 'N'),
(1755, 81, 7, 'N'),
(1756, 82, 7, 'N'),
(1757, 83, 7, 'N'),
(1758, 84, 7, 'N'),
(1759, 85, 7, 'N'),
(1760, 86, 7, 'N'),
(1761, 87, 7, 'N'),
(1762, 91, 7, 'N'),
(1763, 92, 7, 'N'),
(1764, 93, 7, 'N'),
(1765, 94, 7, 'N'),
(1766, 95, 7, 'N'),
(1767, 96, 7, 'N'),
(1768, 97, 7, 'N'),
(1769, 100, 7, 'N'),
(1770, 101, 7, 'N'),
(1771, 102, 7, 'N'),
(1772, 103, 7, 'N'),
(1773, 104, 7, 'N'),
(1774, 105, 7, 'N'),
(1775, 106, 7, 'N'),
(1776, 107, 7, 'N'),
(1777, 108, 7, 'N'),
(1778, 109, 7, 'N'),
(1779, 110, 7, 'N'),
(1780, 111, 7, 'N'),
(1781, 112, 7, 'N'),
(1782, 113, 7, 'N'),
(1783, 114, 7, 'N'),
(1784, 115, 7, 'N'),
(1785, 116, 7, 'N'),
(1786, 117, 7, 'N'),
(1787, 118, 7, 'N'),
(1788, 119, 7, 'N'),
(1789, 120, 7, 'N'),
(1790, 121, 7, 'N'),
(1791, 122, 7, 'N'),
(1792, 123, 7, 'N'),
(1793, 124, 7, 'N'),
(1794, 125, 7, 'N'),
(1795, 126, 7, 'N'),
(1796, 127, 7, 'N'),
(1797, 128, 7, 'N'),
(1798, 129, 7, 'Y'),
(1799, 130, 7, 'Y'),
(1800, 131, 7, 'Y'),
(1801, 132, 7, 'Y'),
(1802, 133, 7, 'Y'),
(1803, 134, 7, 'Y'),
(1804, 135, 7, 'Y'),
(1805, 136, 7, 'Y'),
(1806, 137, 7, 'Y'),
(1807, 138, 7, 'Y'),
(1808, 139, 7, 'Y'),
(1809, 140, 7, 'Y'),
(1810, 141, 7, 'Y'),
(1811, 142, 7, 'Y'),
(1812, 143, 7, 'Y'),
(1813, 144, 7, 'Y'),
(1814, 145, 7, 'Y'),
(1815, 146, 7, 'Y'),
(1816, 147, 7, 'Y'),
(1817, 148, 7, 'Y'),
(1818, 149, 7, 'Y'),
(1819, 150, 7, 'Y'),
(1820, 151, 7, 'Y'),
(1821, 152, 7, 'Y'),
(1822, 153, 7, 'Y'),
(1823, 154, 7, 'Y'),
(1824, 155, 7, 'Y'),
(1825, 156, 7, 'Y'),
(1826, 157, 7, 'Y'),
(1827, 158, 7, 'Y'),
(1828, 159, 7, 'Y'),
(1829, 160, 7, 'Y'),
(1830, 161, 7, 'Y'),
(1831, 162, 7, 'Y'),
(1832, 163, 7, 'Y'),
(1833, 164, 7, 'Y'),
(1834, 165, 7, 'Y'),
(1835, 166, 7, 'Y'),
(1836, 167, 7, 'N'),
(1837, 168, 7, 'N'),
(1838, 169, 7, 'N'),
(1839, 170, 7, 'N'),
(1840, 171, 7, 'N'),
(1841, 172, 7, 'Y'),
(1842, 173, 7, 'Y'),
(1843, 174, 7, 'Y'),
(1844, 175, 7, 'N'),
(1845, 176, 7, 'N'),
(1846, 177, 7, 'N'),
(1847, 178, 7, 'N'),
(1848, 179, 7, 'N'),
(1849, 180, 7, 'N'),
(1850, 181, 7, 'N'),
(1851, 182, 7, 'N'),
(1852, 183, 7, 'N'),
(1853, 184, 7, 'N'),
(1854, 185, 7, 'N'),
(1855, 186, 7, 'N'),
(1856, 187, 7, 'N'),
(1857, 188, 7, 'N'),
(1858, 189, 7, 'N'),
(1859, 190, 7, 'N'),
(1860, 191, 7, 'Y'),
(1861, 192, 7, 'Y'),
(1862, 193, 7, 'Y'),
(1863, 194, 7, 'Y'),
(1864, 195, 7, 'Y'),
(1865, 196, 7, 'Y'),
(1866, 197, 7, 'Y'),
(1867, 198, 7, 'Y'),
(1868, 199, 7, 'Y'),
(1869, 200, 7, 'Y'),
(1870, 201, 7, 'Y'),
(1871, 202, 7, 'Y'),
(1872, 203, 7, 'Y'),
(1873, 204, 7, 'N'),
(1874, 205, 7, 'N'),
(1875, 206, 7, 'Y'),
(1876, 207, 7, 'Y'),
(1877, 208, 7, 'Y'),
(1878, 209, 7, 'Y'),
(1879, 210, 7, 'Y'),
(1880, 211, 7, 'Y'),
(1881, 212, 7, 'Y'),
(1882, 213, 7, 'Y'),
(1883, 214, 7, 'Y'),
(1884, 215, 7, 'Y'),
(1885, 216, 7, 'Y'),
(1886, 217, 7, 'Y'),
(1887, 218, 7, 'N'),
(1888, 219, 7, 'N'),
(1889, 220, 7, 'N'),
(1890, 221, 7, 'N'),
(1891, 222, 7, 'N'),
(1892, 223, 7, 'Y'),
(1893, 224, 7, 'Y'),
(1894, 225, 7, 'Y'),
(1895, 226, 7, 'Y'),
(1896, 227, 7, 'Y'),
(1897, 228, 7, 'N'),
(1898, 229, 7, 'N'),
(1899, 230, 7, 'Y'),
(1900, 231, 7, 'Y'),
(1901, 232, 7, 'Y'),
(1902, 233, 1, 'Y'),
(1903, 233, 3, 'N'),
(1904, 233, 4, 'N'),
(1905, 233, 5, 'N'),
(1906, 233, 6, 'N'),
(1907, 233, 7, 'N'),
(1908, 234, 1, 'Y'),
(1909, 234, 3, 'N'),
(1910, 234, 4, 'N'),
(1911, 234, 5, 'N'),
(1912, 234, 6, 'N'),
(1913, 234, 7, 'N'),
(1914, 235, 1, 'Y'),
(1915, 235, 3, 'N'),
(1916, 235, 4, 'N'),
(1917, 235, 5, 'N'),
(1918, 235, 6, 'N'),
(1919, 235, 7, 'N'),
(1920, 1, 8, 'N'),
(1921, 2, 8, 'N'),
(1922, 3, 8, 'N'),
(1923, 4, 8, 'N'),
(1924, 5, 8, 'N'),
(1925, 6, 8, 'N'),
(1926, 7, 8, 'N'),
(1927, 8, 8, 'N'),
(1928, 9, 8, 'N'),
(1929, 10, 8, 'N'),
(1930, 11, 8, 'N'),
(1931, 12, 8, 'N'),
(1932, 13, 8, 'N'),
(1933, 14, 8, 'N'),
(1934, 15, 8, 'N'),
(1935, 16, 8, 'N'),
(1936, 17, 8, 'N'),
(1937, 18, 8, 'N'),
(1938, 19, 8, 'N'),
(1939, 20, 8, 'N'),
(1940, 21, 8, 'N'),
(1941, 22, 8, 'N'),
(1942, 23, 8, 'N'),
(1943, 29, 8, 'Y'),
(1944, 34, 8, 'N'),
(1945, 35, 8, 'N'),
(1946, 36, 8, 'N'),
(1947, 37, 8, 'N'),
(1948, 38, 8, 'N'),
(1949, 39, 8, 'N'),
(1950, 40, 8, 'N'),
(1951, 41, 8, 'N'),
(1952, 42, 8, 'N'),
(1953, 43, 8, 'Y'),
(1954, 49, 8, 'N'),
(1955, 50, 8, 'N'),
(1956, 51, 8, 'N'),
(1957, 52, 8, 'N'),
(1958, 53, 8, 'N'),
(1959, 54, 8, 'N'),
(1960, 55, 8, 'N'),
(1961, 56, 8, 'N'),
(1962, 57, 8, 'N'),
(1963, 58, 8, 'N'),
(1964, 59, 8, 'N'),
(1965, 60, 8, 'N'),
(1966, 61, 8, 'N'),
(1967, 62, 8, 'N'),
(1968, 63, 8, 'N'),
(1969, 64, 8, 'N'),
(1970, 65, 8, 'N'),
(1971, 66, 8, 'N'),
(1972, 67, 8, 'N'),
(1973, 68, 8, 'N'),
(1974, 69, 8, 'N'),
(1975, 70, 8, 'N'),
(1976, 71, 8, 'N'),
(1977, 72, 8, 'N'),
(1978, 73, 8, 'N'),
(1979, 74, 8, 'N'),
(1980, 75, 8, 'N'),
(1981, 76, 8, 'N'),
(1982, 77, 8, 'N'),
(1983, 78, 8, 'N'),
(1984, 79, 8, 'N'),
(1985, 80, 8, 'Y'),
(1986, 81, 8, 'Y'),
(1987, 82, 8, 'Y'),
(1988, 83, 8, 'Y'),
(1989, 84, 8, 'Y'),
(1990, 85, 8, 'Y'),
(1991, 86, 8, 'Y'),
(1992, 87, 8, 'N'),
(1993, 91, 8, 'N'),
(1994, 92, 8, 'N'),
(1995, 93, 8, 'N'),
(1996, 94, 8, 'N'),
(1997, 95, 8, 'N'),
(1998, 96, 8, 'N'),
(1999, 97, 8, 'N'),
(2000, 100, 8, 'N'),
(2001, 101, 8, 'N'),
(2002, 102, 8, 'N'),
(2003, 103, 8, 'N'),
(2004, 104, 8, 'N'),
(2005, 105, 8, 'N'),
(2006, 106, 8, 'N'),
(2007, 107, 8, 'N'),
(2008, 108, 8, 'N'),
(2009, 109, 8, 'N'),
(2010, 110, 8, 'N'),
(2011, 111, 8, 'N'),
(2012, 112, 8, 'N'),
(2013, 113, 8, 'N'),
(2014, 114, 8, 'N'),
(2015, 115, 8, 'N'),
(2016, 116, 8, 'N'),
(2017, 117, 8, 'N'),
(2018, 118, 8, 'N'),
(2019, 119, 8, 'N'),
(2020, 120, 8, 'N'),
(2021, 121, 8, 'N'),
(2022, 122, 8, 'N'),
(2023, 123, 8, 'N'),
(2024, 124, 8, 'N'),
(2025, 125, 8, 'N'),
(2026, 126, 8, 'N'),
(2027, 127, 8, 'N'),
(2028, 128, 8, 'N'),
(2029, 129, 8, 'N'),
(2030, 130, 8, 'N'),
(2031, 131, 8, 'N'),
(2032, 132, 8, 'N'),
(2033, 133, 8, 'N'),
(2034, 134, 8, 'N'),
(2035, 135, 8, 'N'),
(2036, 136, 8, 'N'),
(2037, 137, 8, 'N'),
(2038, 138, 8, 'N'),
(2039, 139, 8, 'N'),
(2040, 140, 8, 'N'),
(2041, 141, 8, 'N'),
(2042, 142, 8, 'N'),
(2043, 143, 8, 'N'),
(2044, 144, 8, 'N'),
(2045, 145, 8, 'N'),
(2046, 146, 8, 'N'),
(2047, 147, 8, 'N'),
(2048, 148, 8, 'N'),
(2049, 149, 8, 'N'),
(2050, 150, 8, 'N'),
(2051, 151, 8, 'N'),
(2052, 152, 8, 'N'),
(2053, 153, 8, 'N'),
(2054, 154, 8, 'N'),
(2055, 155, 8, 'N'),
(2056, 156, 8, 'N'),
(2057, 157, 8, 'N'),
(2058, 158, 8, 'N'),
(2059, 159, 8, 'N'),
(2060, 160, 8, 'N'),
(2061, 161, 8, 'N'),
(2062, 162, 8, 'N'),
(2063, 163, 8, 'N'),
(2064, 164, 8, 'N'),
(2065, 165, 8, 'N'),
(2066, 166, 8, 'N'),
(2067, 167, 8, 'N'),
(2068, 168, 8, 'N'),
(2069, 169, 8, 'N'),
(2070, 170, 8, 'N'),
(2071, 171, 8, 'N'),
(2072, 172, 8, 'N'),
(2073, 173, 8, 'N'),
(2074, 174, 8, 'N'),
(2075, 175, 8, 'N'),
(2076, 176, 8, 'N'),
(2077, 177, 8, 'N'),
(2078, 178, 8, 'N'),
(2079, 179, 8, 'N'),
(2080, 180, 8, 'N'),
(2081, 181, 8, 'N'),
(2082, 182, 8, 'N'),
(2083, 183, 8, 'N'),
(2084, 184, 8, 'N'),
(2085, 185, 8, 'N'),
(2086, 186, 8, 'N'),
(2087, 187, 8, 'N'),
(2088, 188, 8, 'N'),
(2089, 189, 8, 'N'),
(2090, 190, 8, 'N'),
(2091, 191, 8, 'Y'),
(2092, 192, 8, 'Y'),
(2093, 193, 8, 'Y'),
(2094, 194, 8, 'Y'),
(2095, 195, 8, 'Y'),
(2096, 196, 8, 'Y'),
(2097, 197, 8, 'Y'),
(2098, 198, 8, 'Y'),
(2099, 199, 8, 'Y'),
(2100, 200, 8, 'Y'),
(2101, 201, 8, 'Y'),
(2102, 202, 8, 'Y'),
(2103, 203, 8, 'Y'),
(2104, 204, 8, 'N'),
(2105, 205, 8, 'N'),
(2106, 206, 8, 'N'),
(2107, 207, 8, 'N'),
(2108, 208, 8, 'N'),
(2109, 209, 8, 'N'),
(2110, 210, 8, 'N'),
(2111, 211, 8, 'N'),
(2112, 212, 8, 'N'),
(2113, 213, 8, 'N'),
(2114, 214, 8, 'N'),
(2115, 215, 8, 'N'),
(2116, 216, 8, 'N'),
(2117, 217, 8, 'N'),
(2118, 218, 8, 'N'),
(2119, 219, 8, 'N'),
(2120, 220, 8, 'N'),
(2121, 221, 8, 'N'),
(2122, 222, 8, 'N'),
(2123, 223, 8, 'N'),
(2124, 224, 8, 'N'),
(2125, 225, 8, 'N'),
(2126, 226, 8, 'N'),
(2127, 227, 8, 'N'),
(2128, 228, 8, 'N'),
(2129, 229, 8, 'N'),
(2130, 230, 8, 'N'),
(2131, 231, 8, 'N'),
(2132, 232, 8, 'N'),
(2133, 233, 8, 'N'),
(2134, 234, 8, 'N'),
(2135, 235, 8, 'N');

-- --------------------------------------------------------

--
-- Table structure for table `cms_permission_module`
--

CREATE TABLE IF NOT EXISTS `cms_permission_module` (
  `id` int(10) NOT NULL AUTO_INCREMENT,
  `controller` varchar(255) COLLATE utf8_unicode_ci DEFAULT NULL,
  `action` varchar(255) COLLATE utf8_unicode_ci DEFAULT NULL,
  PRIMARY KEY (`id`)
) ENGINE=MyISAM  DEFAULT CHARSET=utf8 COLLATE=utf8_unicode_ci AUTO_INCREMENT=82 ;

--
-- Dumping data for table `cms_permission_module`
--

INSERT INTO `cms_permission_module` (`id`, `controller`, `action`) VALUES
(1, 'dashboard', 'admin_index'),
(2, 'dashboard', 'admin_access_denied'),
(3, 'home', 'index'),
(4, 'home', 'admin_index'),
(5, 'home', 'admin_view'),
(6, 'home', 'admin_add'),
(7, 'home', 'admin_edit'),
(8, 'home', 'admin_delete'),
(9, 'meta', 'admin_add'),
(10, 'meta', 'admin_edit'),
(11, 'meta', 'admin_delete'),
(12, 'meta', 'admin_index'),
(13, 'pages', 'display'),
(14, 'pages', 'admin_add'),
(15, 'pages', 'index'),
(16, 'pages', 'admin_index'),
(17, 'pages', 'admin_edit'),
(18, 'pages', 'admin_delete'),
(19, 'permissions', 'index'),
(20, 'permissions', 'view'),
(21, 'permissions', 'add'),
(22, 'permissions', 'admin_index'),
(23, 'permissions', 'admin_roles'),
(24, 'permissions', 'admin_roles_add'),
(25, 'permissions', 'admin_edit_role'),
(26, 'permissions', 'admin_delete_role'),
(27, 'permissions', 'admin_view'),
(28, 'permissions', 'admin_add'),
(29, 'permissions', 'admin_syncronize_actions'),
(30, 'permissions', 'admin_edit'),
(31, 'permissions', 'admin_delete'),
(32, 'users', 'index'),
(33, 'users', 'view'),
(34, 'users', 'signup'),
(35, 'users', 'experts'),
(36, 'users', 'be_a_experts'),
(37, 'users', 'captcha_image'),
(38, 'users', 'captcha_audio'),
(39, 'users', 'activation_code_regerate'),
(40, 'users', 'thanku'),
(41, 'users', 'activation'),
(42, 'users', 'myprofile'),
(43, 'users', 'dashboard'),
(44, 'users', 'myprofileStep1'),
(45, 'users', 'myprofileStep2'),
(46, 'users', 'myprofileStep3'),
(47, 'users', 'myprofileStep4'),
(48, 'users', 'send_request'),
(49, 'users', 'refer_a_friend'),
(50, 'users', 'isEmail'),
(51, 'users', 'editsuccess'),
(52, 'users', 'blogs'),
(53, 'users', 'add_blog'),
(54, 'users', 'blog_edit'),
(55, 'users', 'blog_delete'),
(56, 'users', 'blog_comments'),
(57, 'users', 'delete_comment'),
(58, 'users', 'change_status'),
(59, 'users', 'add_studymeterial'),
(60, 'users', 'study_edit'),
(61, 'users', 'study_delete'),
(62, 'users', 'study_comments'),
(63, 'users', 'delete_study_comment'),
(64, 'users', 'change_study_comment_status'),
(65, 'users', 'studymeterials'),
(66, 'users', 'edit'),
(67, 'users', 'delete'),
(68, 'users', 'login'),
(69, 'users', 'ajax_login'),
(70, 'users', 'admin_index'),
(71, 'users', 'admin_supportive'),
(72, 'users', 'admin_admin_users'),
(73, 'users', 'facebook_login'),
(74, 'users', 'admin_view'),
(75, 'users', 'admin_add'),
(76, 'users', 'admin_edit'),
(77, 'users', 'admin_delete'),
(78, 'users', 'admin_login'),
(79, 'users', 'admin_logout'),
(80, 'users', 'logout'),
(81, 'users', 'admin_make_supportiv');

-- --------------------------------------------------------

--
-- Table structure for table `cms_roles`
--

CREATE TABLE IF NOT EXISTS `cms_roles` (
  `id` int(11) NOT NULL AUTO_INCREMENT,
  `title` varchar(32) NOT NULL,
  `alias` varchar(32) NOT NULL,
  `created` date NOT NULL,
  `status` enum('y','n') NOT NULL DEFAULT 'y',
  PRIMARY KEY (`id`)
) ENGINE=MyISAM  DEFAULT CHARSET=latin1 AUTO_INCREMENT=4 ;

--
-- Dumping data for table `cms_roles`
--

INSERT INTO `cms_roles` (`id`, `title`, `alias`, `created`, `status`) VALUES
(1, 'Admin', 'Admin', '0000-00-00', 'y'),
(2, 'Agent', 'Agent', '0000-00-00', 'y'),
(3, 'Traveller', 'Traveller', '2013-07-29', 'y');

-- --------------------------------------------------------

--
-- Table structure for table `cms_seos`
--

CREATE TABLE IF NOT EXISTS `cms_seos` (
  `id` int(11) NOT NULL AUTO_INCREMENT,
  `orgid` int(11) NOT NULL,
  `page` varchar(255) NOT NULL,
  `keyword` varchar(255) NOT NULL,
  `description` text NOT NULL,
  `title` varchar(255) NOT NULL,
  `status` enum('Y','N') NOT NULL DEFAULT 'Y',
  `created` date NOT NULL,
  `location` varchar(255) NOT NULL,
  PRIMARY KEY (`id`)
) ENGINE=InnoDB  DEFAULT CHARSET=latin1 AUTO_INCREMENT=16 ;

--
-- Dumping data for table `cms_seos`
--

INSERT INTO `cms_seos` (`id`, `orgid`, `page`, `keyword`, `description`, `title`, `status`, `created`, `location`) VALUES
(1, 86, 'Home Page', 'home | page', 'Thhis is a lucky main', 'My courier Buddy', 'Y', '2014-01-28', '/home'),
(5, 86, 'Profile', 'profiloe,lucky,name', 'This is a about us page', 'LUCKY PROFILE', 'Y', '2014-01-28', '/aboutus'),
(7, 86, 'Gallery', 'gallery,asd,pictures,images', 'This is lucky gallery', 'This is a Gallery Page', 'Y', '2014-01-28', 'pgallery/index'),
(12, 3, 'bgf', 'gtrtg', 'ddddd', 'grtgt', 'Y', '2015-12-11', 'gvrfgr'),
(13, 1, 'Price', 'Price LIst', 'Price List | mycourierbuddy', 'Price List', 'Y', '2015-12-15', '/pricelist'),
(14, 11111, 'Home Page', 'home | page', 'This is a courier buddy home page.', 'My Courier Buddy', 'Y', '2016-03-14', '/'),
(15, 0, 'Contact Su', 'Contact US', 'Contact | Mycourierbuddy', 'Contact Us | My courierbuddy.in', 'Y', '2016-07-06', '/contact');

-- --------------------------------------------------------

--
-- Table structure for table `cms_sliders`
--

CREATE TABLE IF NOT EXISTS `cms_sliders` (
  `id` int(11) NOT NULL AUTO_INCREMENT,
  `title` varchar(50) NOT NULL,
  `name` varchar(255) NOT NULL,
  `created` date NOT NULL,
  `status` enum('Y','N') NOT NULL DEFAULT 'Y',
  PRIMARY KEY (`id`)
) ENGINE=InnoDB  DEFAULT CHARSET=latin1 AUTO_INCREMENT=5 ;

--
-- Dumping data for table `cms_sliders`
--

INSERT INTO `cms_sliders` (`id`, `title`, `name`, `created`, `status`) VALUES
(1, 'slider 1', '/uploads/577262a5b755d.jpg', '2015-12-15', 'Y'),
(2, 'slider 2', 'uploads/77854f3e5c5358bdad8b04dcd5f59341.jpg', '2015-12-15', 'Y');

-- --------------------------------------------------------

--
-- Table structure for table `cms_statics`
--

CREATE TABLE IF NOT EXISTS `cms_statics` (
  `id` int(11) NOT NULL AUTO_INCREMENT,
  `orgid` int(11) NOT NULL,
  `title` varchar(100) NOT NULL,
  `titleid` int(11) NOT NULL,
  `image` varchar(255) NOT NULL,
  `content` text NOT NULL,
  `status` enum('Y','N') NOT NULL DEFAULT 'Y',
  `created` date NOT NULL,
  `seton` enum('Y','N') NOT NULL DEFAULT 'Y',
  PRIMARY KEY (`id`)
) ENGINE=MyISAM  DEFAULT CHARSET=latin1 AUTO_INCREMENT=8 ;

--
-- Dumping data for table `cms_statics`
--

INSERT INTO `cms_statics` (`id`, `orgid`, `title`, `titleid`, `image`, `content`, `status`, `created`, `seton`) VALUES
(1, 1, 'About Us', 0, '', '<p>About Us content here</p><p>Mycourier</p>', 'Y', '2015-12-15', 'Y'),
(2, 1, 'FAQ', 0, '', '<ul>\r\n<li>\r\n<strong>Does the student travel on Metro and pay a fare?</strong>\r\n<p>You can apply directly to Metro online or in store. For more information about Metro travel\r\nYou can apply directly to Metro online or in store. For more information about Metro travel</p>\r\n</li>\r\n\r\n<li>\r\n<strong>Does the student travel on Metro and pay a fare?</strong>\r\n<p>You can apply directly to Metro online or in store. For more information about Metro travel\r\nYou can apply directly to Metro online or in store. For more information about Metro travel</p>\r\n</li>\r\n\r\n\r\n<li>\r\n<strong>Does the student travel on Metro and pay a fare?</strong>\r\n<p>You can apply directly to Metro online or in store. For more information about Metro travel\r\nYou can apply directly to Metro online or in store. For more information about Metro travel</p>\r\n</li>\r\n\r\n<li>\r\n<strong>Does the student travel on Metro and pay a fare?</strong>\r\n<p>You can apply directly to Metro online or in store. For more information about Metro travel\r\nYou can apply directly to Metro online or in store. For more information about Metro travel</p>\r\n</li>\r\n\r\n<li>\r\n<strong>Does the student travel on Metro and pay a fare?</strong>\r\n<p>You can apply directly to Metro online or in store. For more information about Metro travel\r\nYou can apply directly to Metro online or in store. For more information about Metro travel</p>\r\n</li>\r\n\r\n\r\n\r\n<li>\r\n<strong>Does the student travel on Metro and pay a fare?</strong>\r\n<p>You can apply directly to Metro online or in store. For more information about Metro travel\r\nYou can apply directly to Metro online or in store. For more information about Metro travel</p>\r\n</li>\r\n\r\n\r\n\r\n</ul>', 'Y', '2015-12-15', 'Y'),
(3, 1, 'Terms and Conditions', 0, '', '\r\n<i class="fa fa-plane"></i> Customers are required to provide complete information regarding the type \r\n\r\nand specifications of the goods to be delivered at MCB portal/app and to \r\n\r\nTransporter. <br/><br/>\r\n\r\n<i class="fa fa-plane"></i> MCB does not provide specific box for shipping. Customers are responsible \r\n\r\nfor properly packing the goods to be delivered. For fragile items made of \r\n\r\nglass, ceramic and includes cakes, food, fresh flowers etc. it is suggested \r\n\r\nthat the item is specially packaged. MCB is not responsible for damage or \r\n\r\ndeformation that occurs upon delivery of such goods.<br/><br/>\r\n\r\n<i class="fa fa-plane"></i> The MCB transporters has been guided to take the packages in a safe \r\n\r\nmanner. However, customers who use MCB transportation services are \r\n\r\nresponsible for their package safety. Therefore if you feel uncomfortable with \r\n\r\nthe way the transporter handles the delivery package, please feedback \r\n\r\naccordingly for Transporter. This will help us to make the selection of \r\n\r\nresponsible transporter and make the services better.<br/><br/>\r\n\r\n<i class="fa fa-plane"></i> MCB does not provide delivery service for items which include goods which \r\n\r\nare prohibited by the customs authorities to be owned or distributed within \r\n\r\ncountry and across the borders like Drugs, Illegal items, Weapons, \r\n\r\nChemicals, meat, plants etc. <br/><br/>\r\n\r\n<i class="fa fa-plane"></i> Items dimensions more than 70cm (length), 50cm (width), 50cm (height) or \r\n\r\nitems weighing more than 20 kg are discouraged as such dimensions are \r\n\r\ndifficult to carry and check-in.<br/><br/> \r\n\r\n<i class="fa fa-plane"></i> Goods which are liable for customs duty at departing and destination country \r\n\r\nshall be declared to customs at airport. Its sender''s and courier buddy''s \r\n\r\nmutual responsibility to check if the goods handed over for delivery are liable \r\n\r\nfor customs duty. MCB is not directly responsible for any dispute involving \r\n\r\ncustoms or customs duty payment.<br/><br/>\r\n\r\n<i class="fa fa-plane"></i> MCB is not directly responsible for missing package involving MCB \r\n\r\ntransporters or either damage to the package or any distortion of package \r\n\r\ncaused while transporting by transporter. All expenses and charges that may \r\n\r\narise on the incident would be directed to the personal responsibility \r\n\r\nof transporter. If there is information that can be helpful to the investigation \r\n\r\nas contact details and identity details, MCB can only help as a mediator in \r\n\r\nbringing both parties to find a solution regarding the issue.<br/><br/>\r\n\r\n<i class="fa fa-plane"></i> MCB presently does not provide insurance for lost or missing items. <br/><br/>\r\n\r\n<i class="fa fa-plane"></i> Voucher codes are strictly valid for one voucher per account within every \r\n\r\npromotion.\r\n\r\n\r\n\r\n\r\n', 'Y', '2015-12-15', 'Y'),
(4, 1, 'Senders Good Practice and Recommendation', 0, '', '\r\n<i class="fa fa-plane"></i> Make sure you pack the goods in such a way that courier buddy can easily\r\n\r\ninspect and aware about the content in package before he accepts the \r\n\r\npackage. This keep the mutual interest of both sender and courier buddy \r\n\r\nintact.<br/><br/>\r\n\r\n<i class="fa fa-plane"></i> Packing is very important for shipping your package safely without damage. \r\n\r\nAvoid sending the goods which are fragile and easily damageable without the \r\n\r\nconsent and acceptance of your courier buddy.<br/><br/>\r\n\r\n<i class="fa fa-plane"></i> You shall be informed, once your delivery order is accepted and matched \r\n\r\nwith your courier buddy. Coordinate with your courier buddy to handover the \r\n\r\npackage to courier buddy. Prefer to handover the package near to the \r\n\r\ndeparture date and time of the courier buddy. <br/><br/>\r\n\r\n<i class="fa fa-plane"></i> Send the photo of package and your courier buddy to receiver and inform the \r\n\r\nreceiver about the packing details.<br/><br/>\r\n\r\n<i class="fa fa-plane"></i> Make sure the goods you are sending are not prohibited by law or other \r\n\r\nregulations to be owned or distributed within country and across the borders \r\n\r\nlike Drugs, Illegal items, Weapons, Chemicals etc.<br/><br/>\r\n\r\n<i class="fa fa-plane"></i> Different country have different customs guidelines and guidelines for \r\n\r\nprohibited goods. Make sure you read the customs guidelines for the \r\n\r\ndestination country carefully and follow the guidelines.<br/><br/>\r\n\r\n<i class="fa fa-plane"></i> Goods which are liable for customs in destination country shall be clearly \r\n\r\nmentioned and bring in knowledge of your courier buddy. Make sure you \r\n\r\nhave agreement with your courier buddy to pay the customs duty and get the \r\n\r\ngoods clear. MCB is not directly responsible for any dispute involving \r\n\r\ncustoms or customs duty payment.<br/><br/>\r\n\r\n<i class="fa fa-plane"></i> Avoid sending fragile, difficult to handle, expensive and valuable items with \r\n\r\nMCB.', 'Y', '2015-12-15', 'Y'),
(5, 1, 'Transporters Good Practice and Recommendation', 0, '', '\r\n\r\n<i class="fa fa-plane"></i>  Once you confirm your travel plan, book the tickets and receive the PNR \r\n\r\nNumber and Ticket Number from Airlines, then create your trips in My-Trips \r\n\r\nin MCB portal or App. Plan your luggage for your personal use for trip and \r\n\r\nestimate how much you can carry additional as MCB transporter. <br/><br/>\r\n\r\n<i class="fa fa-plane"></i>  Familiarize yourself with local customs regulations common at destination. \r\n\r\nMake sure package always comply as per the local customs regulations to \r\n\r\nbe carried to transit and destination country. <br/><br/>\r\n\r\n<i class="fa fa-plane"></i>  Once your trip is saved in MCB, search for suitable deliveries for your \r\n\r\ndestination, and confirm deliveries which are suitable for \r\n\r\ntransportation as per your capacity and convenience.<br/><br/>\r\n\r\n<i class="fa fa-plane"></i>  Keep in touch with sender by mail, SMS or phone call, discuss exact details \r\n\r\nlike weight and dimensions about the package. Make an appointment with \r\n\r\nsender and finalize about venue, date & time to receive the package. <br/><br/>\r\n\r\n<i class="fa fa-plane"></i>  Coordinate with sender to receive the package as per both of your \r\n\r\nconvenience. While receiving the delivery, make sure you take photo of \r\n\r\npackage along with the sender for future reference. <br/><br/>\r\n\r\n<i class="fa fa-plane"></i>  MCB Transporter shall make sure the content of the package is as per the \r\n\r\ndiscussion and specifications about the package category, weight and \r\n\r\ndimension roughly matches with the online order. Upon picking update the \r\n\r\nstatus as "Picked" in MCB app.<br/><br/>\r\n\r\n<i class="fa fa-plane"></i>  Keep the package safely in hand bag or check-in baggage as per size or \r\n\r\nconvenience to carry. Prefer always to scan the package at airport before \r\n\r\nyou check in or carry in hand bag. <br/><br/>\r\n\r\n<i class="fa fa-plane"></i>  Remember to coordinate with receiver buddy before you fly so that it''s easy \r\n\r\nto identify and hand order the packet at destination. If possible ask for \r\n\r\ncontact details and other identifications of the receiver. <br/><br/>\r\n\r\n<i class="fa fa-plane"></i>  On meeting receiver hand over the package safely and remember to update \r\n\r\nthe delivered status on MCB app either with your mobile or with receivers \r\n\r\nmobile. At the same time remember to take a photo of delivered package \r\n\r\nwith your receiver buddy for records in your mobile.<br/><br/>\r\n\r\n<i class="fa fa-plane"></i>  Request your sender and receiver buddy to update the feedback for this \r\n\r\ndelivery.\r\n', 'Y', '2015-12-15', 'Y'),
(7, 1, 'Guidelines Section', 0, '', '<h5>Restricted & Banned Items</h5>\r\n<ul class="guid-lst">\r\n  <li>Liquid, semi-liquid and gases</li>\r\n  <li>Currency</li>\r\n  <li>Indian Postal Articles and all items that infringe the Indian Postal Act of 1898</li>\r\n  <li>Precious and semi-precious stones, gems, jewellery and equivalent items</li>\r\n  <li>Perishables</li>\r\n  <li>Radioactive or magnetic material</li>\r\n  <li>Negotiable Instruments (Bearer Form)</li>\r\n  <li>Pornographic material</li>\r\n  <li>Sodexho pass</li>\r\n  <li>Firearms, explosives and military equipment</li>\r\n  <li>Flammable Items</li>\r\n  <li>Toxic and infectious Items</li>\r\n  <li>Corrosives</li>\r\n  <li>Powders and chemicals</li>\r\n  <li>Drugs</li>\r\n  <li>Machinery parts containing oil, grease, fuel or batteries</li>\r\n  <li>All restricted items as per guidelines of IATA</li>\r\n</ul>\r\n<br><br>\r\n<h5>Dangerous Goods</h5>\r\n<span><strong>Definition:</strong> Commodities, which possess potentially hazardous characteristics. These are as the laid out by IATA in the Dangerous Goods Regulations.</span> <br />\r\n<br />\r\n<strong>The categories of dangerous goods are:</strong>\r\n<ul>\r\n  <li><strong><b>Class 1:</b> Explosives</strong></li>\r\n  <li><strong><b>Class 2:</b> Gases</strong></li>\r\n  <li><strong><b>Class 3:</b> Flammable Liquids</strong></li>\r\n  <li><strong><b>Class 4:</b> Flammable Solids</strong></li>\r\n  <li><strong><b>Class 5:</b> Oxidizers and Organic Peroxides</strong></li>\r\n  <li><strong><b>Class 6:</b> Toxic & Infectious Substances</strong></li>\r\n  <li><strong><b>Class 7:</b> Radioactive Material</strong></li>\r\n  <li><strong><b>Class 8:</b> Corrosives</strong></li>\r\n  <li><strong><b>Class 9:</b> Miscellaneous e.g. Magnets - a danger to airplane equipment</strong></li>\r\n</ul>\r\n', 'Y', '2016-02-19', 'Y');

-- --------------------------------------------------------

--
-- Table structure for table `cms_transactions`
--

CREATE TABLE IF NOT EXISTS `cms_transactions` (
  `TransactionID` int(11) NOT NULL AUTO_INCREMENT,
  `ordernumber` varchar(50) DEFAULT NULL,
  `orderdate` datetime DEFAULT NULL,
  `ParcelID` int(11) DEFAULT NULL,
  `TransID` int(11) DEFAULT NULL,
  `Amount` decimal(19,2) DEFAULT NULL,
  `Paymentvia` varchar(100) DEFAULT NULL,
  `PaymentTransaction` varchar(100) DEFAULT NULL,
  `Txnid` decimal(19,2) DEFAULT NULL,
  `status` varchar(50) DEFAULT NULL,
  PRIMARY KEY (`TransactionID`)
) ENGINE=InnoDB  DEFAULT CHARSET=latin1 AUTO_INCREMENT=163 ;

--
-- Dumping data for table `cms_transactions`
--

INSERT INTO `cms_transactions` (`TransactionID`, `ordernumber`, `orderdate`, `ParcelID`, `TransID`, `Amount`, `Paymentvia`, `PaymentTransaction`, `Txnid`, `status`) VALUES
(122, '1469268254180', '2016-07-23 05:04:06', 11018, 11020, '1500.00', 'Payu Money Gateway', '123456987', NULL, NULL),
(123, '1469270262687', '2016-07-23 05:37:35', 11019, 11021, '500.00', 'Payu Money Gateway', '123456987', NULL, NULL),
(124, '1469271247856', '2016-07-23 05:54:08', 11020, 11020, '1500.00', 'Payu Money Gateway', '123456987', NULL, NULL),
(125, '1470394254808', '2016-08-05 05:50:56', 11021, 11023, '500.00', 'Payu Money Gateway', 'Pay from Wallet', NULL, NULL),
(126, '1470394491705', '2016-08-05 05:54:52', 11021, 11023, '500.00', 'Payu Money Gateway', '123456987', NULL, NULL),
(127, '1470413628966', '2016-08-05 11:13:48', 11022, 11023, '500.00', 'Payu Money Gateway', 'Pay from Wallet', NULL, NULL),
(128, '1470447597283', '2016-08-05 20:40:11', 11023, 11024, '500.00', 'Payu Money Gateway', 'Pay from Wallet', NULL, NULL),
(129, '1470460786082', '2016-08-06 00:19:38', 11024, 11023, '2500.00', 'Payu Money Gateway', '123456987', NULL, NULL),
(130, '1470472541850', '2016-08-06 03:35:34', 11025, 11024, '750.00', 'Payu Money Gateway', 'Pay from Wallet', NULL, NULL),
(131, '1470472570127', '2016-08-06 03:36:02', 11025, 11024, '750.00', 'Payu Money Gateway', 'Pay from Wallet', NULL, NULL),
(132, '1470473582808', '2016-08-06 03:52:55', 11025, 11024, '750.00', 'Payu Money Gateway', 'Pay from Wallet', NULL, NULL),
(133, '1470473650374', '2016-08-06 03:54:02', 11025, 11024, '750.00', 'Payu Money Gateway', 'Pay from Wallet', NULL, NULL),
(134, '1470473679737', '2016-08-06 03:54:31', 11025, 11024, '750.00', 'Payu Money Gateway', 'Pay from Wallet', NULL, NULL),
(135, '1470473708785', '2016-08-06 03:55:01', 11025, 11024, '750.00', 'Payu Money Gateway', 'Pay from Wallet', NULL, NULL),
(136, '1470474191581', '2016-08-06 04:03:03', 11025, 11024, '750.00', 'Payu Money Gateway', 'Pay from Wallet', NULL, NULL),
(137, '1470474617799', '2016-08-06 04:10:09', 11025, 11024, '750.00', 'Payu Money Gateway', 'Pay from Wallet', NULL, NULL),
(138, '1470474813274', '2016-08-06 04:13:25', 11025, 11024, '750.00', 'Payu Money Gateway', 'Pay from Wallet', NULL, NULL),
(139, '1470474841455', '2016-08-06 04:13:53', 11025, 11024, '750.00', 'Payu Money Gateway', 'Pay from Wallet', NULL, NULL),
(140, '1470474924969', '2016-08-06 04:15:16', 11025, 11024, '750.00', 'Payu Money Gateway', 'Pay from Wallet', NULL, NULL),
(141, '1470474935104', '2016-08-06 04:15:27', 11025, 11024, '750.00', 'Payu Money Gateway', 'Pay from Wallet', NULL, NULL),
(142, '1470474958138', '2016-08-06 04:15:50', 11025, 11024, '750.00', 'Payu Money Gateway', 'Pay from Wallet', NULL, NULL),
(143, '1470475166728', '2016-08-06 04:19:18', 11025, 11024, '750.00', 'Payu Money Gateway', 'Pay from Wallet', NULL, NULL),
(144, '1470476616848', '2016-08-06 04:43:28', 11022, 11023, '500.00', 'Payu Money Gateway', '123456987', NULL, NULL),
(145, '1470476779753', '2016-08-06 04:46:11', 11025, 11024, '250.00', 'Payu Money Gateway', 'Pay from Wallet', NULL, NULL),
(146, '1470479963259', '2016-08-06 05:39:14', 11022, 11023, '500.00', 'Payu Money Gateway', '123456987', NULL, NULL),
(147, '1470480798476', '2016-08-06 05:53:10', 11025, 11024, '250.00', 'Payu Money Gateway', 'Pay from Wallet', NULL, NULL),
(148, '1470480945965', '2016-08-06 05:55:37', 11022, 11023, '500.00', 'Payu Money Gateway', '123456987', NULL, NULL),
(149, '1470480979195', '2016-08-06 05:56:11', 11025, 11024, '250.00', 'Payu Money Gateway', 'Pay from Wallet', NULL, NULL),
(150, '1470481067409', '2016-08-06 05:57:39', 11022, 11023, '500.00', 'Payu Money Gateway', '123456987', NULL, NULL),
(151, '1470481110307', '2016-08-06 05:58:22', 11025, 11024, '250.00', 'Payu Money Gateway', 'Pay from Wallet', NULL, NULL),
(152, '1470481288154', '2016-08-06 06:01:19', 11022, 11023, '500.00', 'Payu Money Gateway', '123456987', NULL, NULL),
(153, '1470481311955', '2016-08-06 06:01:43', 11025, 11024, '250.00', 'Payu Money Gateway', 'Pay from Wallet', NULL, NULL),
(154, '1470481549079', '2016-08-06 06:05:40', 11022, 11023, '500.00', 'Payu Money Gateway', '123456987', NULL, NULL),
(155, '1470481570857', '2016-08-06 06:06:02', 11025, 11024, '250.00', 'Payu Money Gateway', 'Pay from Wallet', NULL, NULL),
(156, '1470481666586', '2016-08-06 06:07:38', 11025, 11024, '250.00', 'Payu Money Gateway', 'Pay from Wallet', NULL, NULL),
(157, '1470481764299', '2016-08-06 06:09:15', 11025, 11024, '250.00', 'Payu Money Gateway', 'Pay from Wallet', NULL, NULL),
(158, '1470481824380', '2016-08-06 06:10:16', 11025, 11024, '250.00', 'Payu Money Gateway', 'Pay from Wallet', NULL, NULL),
(159, '1470481920389', '2016-08-06 06:11:52', 11025, 11024, '250.00', 'Payu Money Gateway', 'Pay from Wallet', NULL, NULL),
(160, '1470481987444', '2016-08-06 06:12:59', 11025, 11024, '250.00', 'Payu Money Gateway', 'Pay from Wallet', NULL, NULL),
(161, '1470482162930', '2016-08-06 06:15:54', 11025, 11024, '250.00', 'Payu Money Gateway', 'Pay from Wallet', NULL, NULL),
(162, '1470482188620', '2016-08-06 06:16:20', 11025, 11024, '250.00', 'Payu Money Gateway', '123456987', NULL, NULL);

-- --------------------------------------------------------

--
-- Table structure for table `cms_trips`
--

CREATE TABLE IF NOT EXISTS `cms_trips` (
  `id` int(5) unsigned zerofill NOT NULL AUTO_INCREMENT,
  `source` varchar(255) NOT NULL,
  `destination` varchar(255) NOT NULL,
  `dep_time` timestamp NOT NULL DEFAULT '0000-00-00 00:00:00',
  `arrival_time` timestamp NOT NULL DEFAULT '0000-00-00 00:00:00',
  `duration` int(11) DEFAULT NULL,
  `image` varchar(255) NOT NULL,
  `flight_no` varchar(255) NOT NULL,
  `pnr` varchar(255) NOT NULL,
  `comment` text NOT NULL,
  `capacity` float NOT NULL,
  `t_id` int(11) NOT NULL,
  `created` timestamp NOT NULL DEFAULT '0000-00-00 00:00:00',
  `status` int(11) NOT NULL DEFAULT '0',
  `processed_by` int(11) NOT NULL DEFAULT '0',
  `update` timestamp NOT NULL DEFAULT '0000-00-00 00:00:00' ON UPDATE CURRENT_TIMESTAMP,
  `requirement` text,
  `payment` float NOT NULL,
  `TripID` varchar(50) DEFAULT NULL,
  PRIMARY KEY (`id`)
) ENGINE=InnoDB  DEFAULT CHARSET=latin1 AUTO_INCREMENT=11031 ;

--
-- Dumping data for table `cms_trips`
--

INSERT INTO `cms_trips` (`id`, `source`, `destination`, `dep_time`, `arrival_time`, `duration`, `image`, `flight_no`, `pnr`, `comment`, `capacity`, `t_id`, `created`, `status`, `processed_by`, `update`, `requirement`, `payment`, `TripID`) VALUES
(11020, 'Jaipur', 'Thailand', '2016-07-27 07:15:00', '2016-07-28 06:50:00', NULL, '', 'AIhgjdghgh', '325342436246', 'test comment', 10, 11259, '2016-07-23 11:21:33', 3, 71, '2016-07-23 10:54:18', 'test comment', 0, 'T11020'),
(11021, 'Jaipur', 'Thailand', '2016-07-23 07:05:00', '2016-07-24 04:05:00', NULL, '', 'AIhgjdghgh', '432423', 'test commennt', 10, 11259, '2016-07-23 12:31:23', 3, 11259, '2016-07-23 10:37:38', 'sd', 0, 'T11021'),
(11022, 'Jaipur', 'New Delhi', '2016-08-09 22:35:00', '2016-08-09 23:10:00', NULL, '', 'AI2354', 'ASD213', '', 8, 71, '2016-08-05 11:57:53', 1, 71, '2016-08-06 01:18:25', 'Approved', 0, 'T11022'),
(11023, 'New Delhi', 'Mumbai', '2016-08-09 21:00:00', '2016-08-09 10:25:00', NULL, '', 'SG1234', 'ASWEPO', 'After Mumbai I will travel to Pune by road, I can accept the package to Pune as well.', 10, 11246, '2016-08-05 12:11:08', 1, 11259, '2016-08-06 11:05:54', 'fd', 0, 'T11023'),
(11024, 'New Delhi', 'Chennai', '2016-08-11 01:20:00', '2016-08-11 04:05:00', NULL, '', 'AI4594', 'ADSFREW', 'Going to Chennai', 10, 11246, '2016-08-06 03:16:25', 7, 11259, '2016-08-06 11:38:09', 'Parcel Collected', 0, 'T11024'),
(11025, 'Jaipur', 'Mumbai', '2016-08-18 07:05:00', '2016-08-21 19:05:00', NULL, '', 'Aqjkd', 'test', 'test desc', 10, 11259, '2016-08-06 09:17:37', 1, 11259, '2016-08-09 12:59:13', 'test comment by admin and verification message', 0, 'T11025'),
(11026, 'Jaipur', 'Mumbai', '2016-08-27 07:15:00', '2016-08-28 07:15:00', NULL, '', 'Aqjkd', 'test', '', 10, 11259, '2016-08-06 09:18:21', 1, 11259, '2016-08-06 10:37:55', 'df', 0, 'T11026'),
(11027, 'Jaipur', 'Mumbai', '2016-08-27 07:15:00', '2016-08-28 07:15:00', NULL, '', 'Aqjkd', 'test', '', 10, 11259, '2016-08-06 09:18:35', 1, 11259, '2016-08-06 10:38:00', 'fd', 0, 'T11027'),
(11028, 'Jaipur', 'Mumbai', '2016-08-27 07:15:00', '2016-08-28 07:15:00', NULL, '', 'Aqjkd', 'test', '', 10, 11259, '2016-08-06 09:20:29', 1, 11259, '2016-08-06 10:38:04', 'fd', 0, 'T11028'),
(11029, 'Jaipur', 'Mumbai', '2016-08-20 07:05:00', '2016-08-21 07:15:00', NULL, '', 'AIjgfg', 'testreference23245', 'test comment', 10, 11259, '2016-08-07 17:43:36', 1, 11259, '2016-08-09 09:39:05', 'Hi this is with reference to your trip we are pleased to approve the trip for your further transactions please do let us know in case you have any issues with the booking,', 0, 'T11029'),
(11030, 'Jaipur', 'New Delhi', '2016-08-12 07:25:00', '2016-08-12 08:20:00', NULL, '', 'AI45647', 'A78774', 'test', 10, 11280, '2016-08-09 11:28:51', 1, 11280, '2016-08-09 09:39:59', 'Approved the trip and welcome to MCB', 0, 'T11030');

--
-- Triggers `cms_trips`
--
DROP TRIGGER IF EXISTS `Tr_update_cms_trips`;
DELIMITER //
CREATE TRIGGER `Tr_update_cms_trips` AFTER INSERT ON `cms_trips`
 FOR EACH ROW INSERT INTO cms_trips_log(source,destination,dep_time,arrival_time,duration,image,flight_no,pnr,comment,capacity,t_id,created,status,processed_by,`update`,requirement,payment,TripID)
values(NEW.source,NEW.destination,NEW.dep_time,NEW.arrival_time,NEW.duration,NEW.image,NEW.flight_no,NEW.pnr,NEW.comment,NEW.capacity,NEW.t_id,NEW.created,NEW.status,NEW.processed_by,NEW.`update`,NEW.requirement,NEW.payment,NEW.TripID)
//
DELIMITER ;
DROP TRIGGER IF EXISTS `Tr_update_cms_trips_update`;
DELIMITER //
CREATE TRIGGER `Tr_update_cms_trips_update` AFTER UPDATE ON `cms_trips`
 FOR EACH ROW INSERT INTO cms_trips_log(source,destination,dep_time,arrival_time,duration,image,flight_no,pnr,comment,capacity,t_id,created,status,processed_by,`update`,requirement,payment,TripID)
values(NEW.source,NEW.destination,NEW.dep_time,NEW.arrival_time,NEW.duration,NEW.image,NEW.flight_no,NEW.pnr,NEW.comment,NEW.capacity,NEW.t_id,NEW.created,NEW.status,NEW.processed_by,NEW.`update`,NEW.requirement,NEW.payment,NEW.TripID)
//
DELIMITER ;

-- --------------------------------------------------------

--
-- Table structure for table `cms_tripstatus`
--

CREATE TABLE IF NOT EXISTS `cms_tripstatus` (
  `id` int(11) NOT NULL AUTO_INCREMENT,
  `status` varchar(100) NOT NULL,
  PRIMARY KEY (`id`)
) ENGINE=InnoDB  DEFAULT CHARSET=latin1 AUTO_INCREMENT=9 ;

--
-- Dumping data for table `cms_tripstatus`
--

INSERT INTO `cms_tripstatus` (`id`, `status`) VALUES
(0, 'Pending'),
(1, 'Approved'),
(2, 'Booking Request Sent'),
(3, 'Booked'),
(4, 'Cancelled'),
(5, 'Rejected'),
(6, 'Delivered'),
(7, 'Complete'),
(8, 'On Hold');

-- --------------------------------------------------------

--
-- Table structure for table `cms_trips_log`
--

CREATE TABLE IF NOT EXISTS `cms_trips_log` (
  `id` int(5) unsigned zerofill NOT NULL AUTO_INCREMENT,
  `source` varchar(255) NOT NULL,
  `destination` varchar(255) NOT NULL,
  `dep_time` timestamp NOT NULL DEFAULT '0000-00-00 00:00:00',
  `arrival_time` timestamp NOT NULL DEFAULT '0000-00-00 00:00:00',
  `duration` int(11) DEFAULT NULL,
  `image` varchar(255) NOT NULL,
  `flight_no` varchar(255) NOT NULL,
  `pnr` varchar(255) NOT NULL,
  `comment` text NOT NULL,
  `capacity` float NOT NULL,
  `t_id` int(11) NOT NULL,
  `created` timestamp NOT NULL DEFAULT '0000-00-00 00:00:00',
  `status` int(11) NOT NULL DEFAULT '0',
  `processed_by` int(11) NOT NULL DEFAULT '0',
  `update` timestamp NOT NULL DEFAULT '0000-00-00 00:00:00' ON UPDATE CURRENT_TIMESTAMP,
  `requirement` text,
  `payment` float NOT NULL,
  `TripID` varchar(50) DEFAULT NULL,
  `updated` timestamp NOT NULL DEFAULT CURRENT_TIMESTAMP,
  PRIMARY KEY (`id`)
) ENGINE=InnoDB  DEFAULT CHARSET=latin1 AUTO_INCREMENT=11306 ;

--
-- Dumping data for table `cms_trips_log`
--

INSERT INTO `cms_trips_log` (`id`, `source`, `destination`, `dep_time`, `arrival_time`, `duration`, `image`, `flight_no`, `pnr`, `comment`, `capacity`, `t_id`, `created`, `status`, `processed_by`, `update`, `requirement`, `payment`, `TripID`, `updated`) VALUES
(11036, 'Jaipur', 'Mumbai', '2016-07-09 07:05:00', '2016-07-09 07:05:00', NULL, '', 'Ai23456', 'tets reference', 'test comment', 10, 11282, '2016-07-09 08:57:35', 0, 11282, '0000-00-00 00:00:00', NULL, 0, NULL, '2016-07-09 06:57:35'),
(11037, 'Jaipur', 'Mumbai', '2016-07-09 07:05:00', '2016-07-09 07:05:00', NULL, '', 'Ai23456', 'tets reference', 'test comment', 10, 11282, '2016-07-09 08:57:35', 0, 11282, '2016-07-09 06:57:35', NULL, 0, 'T11009', '2016-07-09 06:57:35'),
(11038, 'Jaipur', 'Mumbai', '2016-07-09 07:05:00', '2016-07-09 07:05:00', NULL, '', 'Ai23456', 'tets reference', 'test comment', 10, 11282, '2016-07-09 08:57:35', 1, 11282, '2016-07-09 07:03:32', NULL, 0, 'T11009', '2016-07-09 07:03:32'),
(11039, 'Jaipur', 'Mumbai', '2016-07-09 07:05:00', '2016-07-09 07:05:00', NULL, '', 'Ai23456', 'tets reference', 'test comment', 10, 11282, '2016-07-09 08:57:35', 3, 11259, '2016-07-09 07:04:02', NULL, 0, 'T11009', '2016-07-09 07:04:02'),
(11040, 'Jaipur', 'Mumbai', '2016-07-30 07:25:00', '2016-07-30 07:25:00', NULL, '', 'Ai23456', 'tets reference', 'tets comemny', 10, 11259, '2016-07-09 09:50:49', 0, 11259, '0000-00-00 00:00:00', NULL, 0, NULL, '2016-07-09 07:50:49'),
(11041, 'Jaipur', 'Mumbai', '2016-07-30 07:25:00', '2016-07-30 07:25:00', NULL, '', 'Ai23456', 'tets reference', 'tets comemny', 10, 11259, '2016-07-09 09:50:49', 0, 11259, '2016-07-09 07:50:49', NULL, 0, 'T11010', '2016-07-09 07:50:49'),
(11042, 'Jaipur', 'Mumbai', '2016-07-09 07:05:00', '2016-07-09 07:05:00', NULL, '', 'Ai23456', 'tets reference', 'test comment', 10, 11282, '2016-07-09 08:57:35', 3, 11259, '2016-07-09 07:04:02', NULL, 0, 'T11009', '2016-07-09 07:50:49'),
(11043, 'Jaipur', 'Mumbai', '2016-07-30 07:25:00', '2016-07-30 07:25:00', NULL, '', 'Ai23456', 'tets reference', 'tets comemny', 10, 11259, '2016-07-09 09:50:49', 1, 11259, '2016-07-09 07:51:21', NULL, 0, 'T11010', '2016-07-09 07:51:21'),
(11044, 'Jaipur', 'Mumbai', '2016-07-30 07:25:00', '2016-07-30 07:25:00', NULL, '', 'Ai23456', 'tets reference', 'tets comemny', 10, 11259, '2016-07-09 09:50:49', 3, 11259, '2016-07-09 07:55:23', NULL, 0, 'T11010', '2016-07-09 07:55:23'),
(11045, 'Jaipur', 'Mumbai', '2016-07-30 07:25:00', '2016-07-30 07:25:00', NULL, '', 'Ai23456', 'tets reference', 'tets comemny', 10, 11259, '2016-07-09 09:50:49', 1, 11259, '2016-07-09 08:20:26', 'this person is not giving parcel', 0, 'T11010', '2016-07-09 08:20:26'),
(11046, 'Jaipur', 'Mumbai', '2016-07-30 07:25:00', '2016-07-30 07:25:00', NULL, '', 'Ai23456', 'tets reference', 'tets comemny', 10, 11259, '2016-07-09 09:50:49', 2, 11259, '2016-07-09 08:29:25', 'this person is not giving parcel', 0, 'T11010', '2016-07-09 08:29:25'),
(11047, 'Jaipur', 'Mumbai', '2016-07-30 07:25:00', '2016-07-30 07:25:00', NULL, '', 'Ai23456', 'tets reference', 'tets comemny', 10, 11259, '2016-07-09 09:50:49', 3, 11259, '2016-07-09 08:31:58', 'this person is not giving parcel', 0, 'T11010', '2016-07-09 08:31:58'),
(11048, 'Jaipur', 'Mumbai', '2016-07-30 07:25:00', '2016-07-30 07:25:00', NULL, '', 'Ai23456', 'tets reference', 'tets comemny', 10, 11259, '2016-07-09 09:50:49', 1, 11259, '2016-07-09 08:32:33', 'test reason', 0, 'T11010', '2016-07-09 08:32:33'),
(11049, 'Jaipur', 'Mumbai', '2016-07-30 07:25:00', '2016-07-30 07:25:00', NULL, '', 'Ai23456', 'tets reference', 'tets comemny', 10, 11259, '2016-07-09 09:50:49', 3, 11259, '2016-07-09 08:36:37', 'test reason', 0, 'T11010', '2016-07-09 08:36:37'),
(11050, 'New Delhi', 'Mumbai', '2016-07-14 19:15:00', '2016-07-14 23:50:00', NULL, '', 'AI45647', 'A78774', 'test', 10, 11263, '2016-07-09 15:44:18', 0, 11263, '0000-00-00 00:00:00', NULL, 0, NULL, '2016-07-09 13:44:18'),
(11051, 'New Delhi', 'Mumbai', '2016-07-14 19:15:00', '2016-07-14 23:50:00', NULL, '', 'AI45647', 'A78774', 'test', 10, 11263, '2016-07-09 15:44:18', 0, 11263, '2016-07-09 13:44:18', NULL, 0, 'T11011', '2016-07-09 13:44:18'),
(11052, 'Jaipur', 'Mumbai', '2016-07-30 07:25:00', '2016-07-30 07:25:00', NULL, '', 'Ai23456', 'tets reference', 'tets comemny', 10, 11259, '2016-07-09 09:50:49', 3, 11259, '2016-07-09 08:36:37', 'test reason', 0, 'T11010', '2016-07-09 13:44:18'),
(11053, 'Jaipur', 'Mumbai', '2016-07-09 07:05:00', '2016-07-09 07:05:00', NULL, '', 'Ai23456', 'tets reference', 'test comment', 10, 11282, '2016-07-09 08:57:35', 3, 11259, '2016-07-09 07:04:02', NULL, 0, 'T11009', '2016-07-09 13:44:18'),
(11054, 'New Delhi', 'Mumbai', '2016-07-14 19:15:00', '2016-07-14 23:50:00', NULL, '', 'AI45647', 'A78774', 'test', 10, 11263, '2016-07-09 15:44:18', 1, 11263, '2016-07-09 13:45:06', NULL, 0, 'T11011', '2016-07-09 13:45:06'),
(11055, 'New Delhi', 'Mumbai', '2016-07-14 19:15:00', '2016-07-14 23:50:00', NULL, '', 'AI45647', 'A78774', 'test', 10, 11263, '2016-07-09 15:44:18', 3, 71, '2016-07-09 13:45:36', NULL, 0, 'T11011', '2016-07-09 13:45:36'),
(11056, 'New Delhi', 'Mumbai', '2016-07-14 19:15:00', '2016-07-14 23:50:00', NULL, '', 'AI45647', 'A78774', 'test', 10, 11263, '2016-07-09 15:44:18', 2, 71, '2016-07-09 13:52:08', NULL, 0, 'T11011', '2016-07-09 13:52:08'),
(11057, 'New Delhi', 'Mumbai', '2016-07-14 19:15:00', '2016-07-14 23:50:00', NULL, '', 'AI45647', 'A78774', 'test', 10, 11263, '2016-07-09 15:44:18', 3, 71, '2016-07-09 13:53:11', NULL, 0, 'T11011', '2016-07-09 13:53:11'),
(11058, 'New Delhi', 'Mumbai', '2016-07-14 13:00:00', '2016-07-14 15:40:00', NULL, '', 'SG213', 'ASDFSD', 'I can deliver to Mumbai ..', 7.5, 71, '2016-07-09 16:41:41', 0, 71, '0000-00-00 00:00:00', NULL, 0, NULL, '2016-07-09 14:41:41'),
(11059, 'New Delhi', 'Mumbai', '2016-07-14 13:00:00', '2016-07-14 15:40:00', NULL, '', 'SG213', 'ASDFSD', 'I can deliver to Mumbai ..', 7.5, 71, '2016-07-09 16:41:41', 0, 71, '2016-07-09 14:41:41', NULL, 0, 'T11012', '2016-07-09 14:41:41'),
(11060, 'New Delhi', 'Mumbai', '2016-07-14 19:15:00', '2016-07-14 23:50:00', NULL, '', 'AI45647', 'A78774', 'test', 10, 11263, '2016-07-09 15:44:18', 3, 71, '2016-07-09 13:53:11', NULL, 0, 'T11011', '2016-07-09 14:41:41'),
(11061, 'Jaipur', 'Mumbai', '2016-07-30 07:25:00', '2016-07-30 07:25:00', NULL, '', 'Ai23456', 'tets reference', 'tets comemny', 10, 11259, '2016-07-09 09:50:49', 3, 11259, '2016-07-09 08:36:37', 'test reason', 0, 'T11010', '2016-07-09 14:41:41'),
(11062, 'Jaipur', 'Mumbai', '2016-07-09 07:05:00', '2016-07-09 07:05:00', NULL, '', 'Ai23456', 'tets reference', 'test comment', 10, 11282, '2016-07-09 08:57:35', 3, 11259, '2016-07-09 07:04:02', NULL, 0, 'T11009', '2016-07-09 14:41:41'),
(11063, 'New Delhi', 'Mumbai', '2016-07-14 13:00:00', '2016-07-14 15:40:00', NULL, '', 'SG213', 'ASDFSD', 'I can deliver to Mumbai ..', 7.5, 71, '2016-07-09 16:41:41', 1, 71, '2016-07-09 14:49:19', NULL, 0, 'T11012', '2016-07-09 14:49:19'),
(11064, 'New Delhi', 'Mumbai', '2016-07-14 13:00:00', '2016-07-14 15:40:00', NULL, '', 'SG213', 'ASDFSD', 'I can deliver to Mumbai ..', 7.5, 71, '2016-07-09 16:41:41', 2, 71, '2016-07-09 14:52:42', NULL, 0, 'T11012', '2016-07-09 14:52:42'),
(11065, 'New Delhi', 'Mumbai', '2016-07-14 13:00:00', '2016-07-14 15:40:00', NULL, '', 'SG213', 'ASDFSD', 'I can deliver to Mumbai ..', 7.5, 71, '2016-07-09 16:41:41', 3, 71, '2016-07-09 14:53:22', NULL, 0, 'T11012', '2016-07-09 14:53:22'),
(11066, 'New Delhi', 'Mumbai', '2016-07-14 13:00:00', '2016-07-14 15:40:00', NULL, '', 'SG213', 'ASDFSD', 'I can deliver to Mumbai ..', 7.5, 71, '2016-07-09 16:41:41', 3, 71, '2016-07-09 15:08:47', 'Parcel Collected', 0, 'T11012', '2016-07-09 15:08:47'),
(11067, 'New Delhi', 'Mumbai', '2016-07-14 13:00:00', '2016-07-14 15:40:00', NULL, '', 'SG213', 'ASDFSD', 'I can deliver to Mumbai ..', 7.5, 71, '2016-07-09 16:41:41', 6, 71, '2016-07-09 15:14:54', 'Parcel Collected', 0, 'T11012', '2016-07-09 15:14:54'),
(11068, 'New Delhi', 'Mumbai', '2016-07-14 13:00:00', '2016-07-14 15:40:00', NULL, '', 'SG213', 'ASDFSD', 'I can deliver to Mumbai ..', 7.5, 71, '2016-07-09 16:41:41', 7, 11326, '2016-07-09 15:20:42', 'Parcel Collected', 0, 'T11012', '2016-07-09 15:20:42'),
(11069, 'Jaipur', 'Mumbai', '2016-07-14 07:10:00', '2016-07-14 07:25:00', NULL, '', 'AI45647', 'Anfnfsdh2133', 'test', 5, 71, '2016-07-11 06:14:49', 0, 71, '0000-00-00 00:00:00', NULL, 0, NULL, '2016-07-11 04:14:49'),
(11070, 'Jaipur', 'Mumbai', '2016-07-14 07:10:00', '2016-07-14 07:25:00', NULL, '', 'AI45647', 'Anfnfsdh2133', 'test', 5, 71, '2016-07-11 06:14:49', 0, 71, '2016-07-11 04:14:49', NULL, 0, 'T11013', '2016-07-11 04:14:49'),
(11071, 'New Delhi', 'Mumbai', '2016-07-14 13:00:00', '2016-07-14 15:40:00', NULL, '', 'SG213', 'ASDFSD', 'I can deliver to Mumbai ..', 7.5, 71, '2016-07-09 16:41:41', 7, 11326, '2016-07-09 15:20:42', 'Parcel Collected', 0, 'T11012', '2016-07-11 04:14:49'),
(11072, 'New Delhi', 'Mumbai', '2016-07-14 19:15:00', '2016-07-14 23:50:00', NULL, '', 'AI45647', 'A78774', 'test', 10, 11263, '2016-07-09 15:44:18', 3, 71, '2016-07-09 13:53:11', NULL, 0, 'T11011', '2016-07-11 04:14:49'),
(11073, 'Jaipur', 'Mumbai', '2016-07-30 07:25:00', '2016-07-30 07:25:00', NULL, '', 'Ai23456', 'tets reference', 'tets comemny', 10, 11259, '2016-07-09 09:50:49', 3, 11259, '2016-07-09 08:36:37', 'test reason', 0, 'T11010', '2016-07-11 04:14:49'),
(11074, 'Jaipur', 'Mumbai', '2016-07-09 07:05:00', '2016-07-09 07:05:00', NULL, '', 'Ai23456', 'tets reference', 'test comment', 10, 11282, '2016-07-09 08:57:35', 3, 11259, '2016-07-09 07:04:02', NULL, 0, 'T11009', '2016-07-11 04:14:49'),
(11075, 'Jaipur', 'Mumbai', '2016-07-14 07:10:00', '2016-07-14 07:25:00', NULL, '', 'AI45647', 'Anfnfsdh2133', 'test', 5, 71, '2016-07-11 06:14:49', 5, 71, '2016-07-11 04:15:23', NULL, 0, 'T11013', '2016-07-11 04:15:23'),
(11076, 'Jaipur', 'Mumbai', '2016-07-14 07:10:00', '2016-07-14 19:25:00', NULL, '', 'AI45647', 'Anfnfsdh2133', 'test', 5, 71, '2016-07-11 06:14:49', 0, 71, '2016-07-11 04:15:49', NULL, 0, 'T11013', '2016-07-11 04:15:49'),
(11077, 'Jaipur', 'Mumbai', '2016-07-14 07:10:00', '2016-07-14 19:25:00', NULL, '', 'AI45647', 'Anfnfsdh2133', 'test', 5, 71, '2016-07-11 06:14:49', 1, 71, '2016-07-11 04:16:03', NULL, 0, 'T11013', '2016-07-11 04:16:03'),
(11078, 'New Delhi', 'Nagpur', '2016-07-12 07:10:00', '2016-07-14 15:45:00', NULL, '', 'AI45647', 'LF34343434343', 'test', 8, 11263, '2016-07-11 14:31:24', 0, 11263, '0000-00-00 00:00:00', NULL, 0, NULL, '2016-07-11 12:31:24'),
(11079, 'New Delhi', 'Nagpur', '2016-07-12 07:10:00', '2016-07-14 15:45:00', NULL, '', 'AI45647', 'LF34343434343', 'test', 8, 11263, '2016-07-11 14:31:24', 0, 11263, '2016-07-11 12:31:24', NULL, 0, 'T11014', '2016-07-11 12:31:24'),
(11080, 'Jaipur', 'Mumbai', '2016-07-14 07:10:00', '2016-07-14 19:25:00', NULL, '', 'AI45647', 'Anfnfsdh2133', 'test', 5, 71, '2016-07-11 06:14:49', 1, 71, '2016-07-11 04:16:03', NULL, 0, 'T11013', '2016-07-11 12:31:24'),
(11081, 'New Delhi', 'Mumbai', '2016-07-14 13:00:00', '2016-07-14 15:40:00', NULL, '', 'SG213', 'ASDFSD', 'I can deliver to Mumbai ..', 7.5, 71, '2016-07-09 16:41:41', 7, 11326, '2016-07-09 15:20:42', 'Parcel Collected', 0, 'T11012', '2016-07-11 12:31:24'),
(11082, 'New Delhi', 'Mumbai', '2016-07-14 19:15:00', '2016-07-14 23:50:00', NULL, '', 'AI45647', 'A78774', 'test', 10, 11263, '2016-07-09 15:44:18', 3, 71, '2016-07-09 13:53:11', NULL, 0, 'T11011', '2016-07-11 12:31:24'),
(11083, 'Jaipur', 'Mumbai', '2016-07-30 07:25:00', '2016-07-30 07:25:00', NULL, '', 'Ai23456', 'tets reference', 'tets comemny', 10, 11259, '2016-07-09 09:50:49', 3, 11259, '2016-07-09 08:36:37', 'test reason', 0, 'T11010', '2016-07-11 12:31:24'),
(11084, 'Jaipur', 'Mumbai', '2016-07-09 07:05:00', '2016-07-09 07:05:00', NULL, '', 'Ai23456', 'tets reference', 'test comment', 10, 11282, '2016-07-09 08:57:35', 3, 11259, '2016-07-09 07:04:02', NULL, 0, 'T11009', '2016-07-11 12:31:24'),
(11085, 'New Delhi', 'Nagpur', '2016-07-14 07:15:00', '2016-07-14 21:35:00', NULL, '', 'AI45647', 'dkkdfjkd', 'test', 8, 11263, '2016-07-11 14:47:46', 0, 11263, '0000-00-00 00:00:00', NULL, 0, NULL, '2016-07-11 12:47:46'),
(11086, 'New Delhi', 'Nagpur', '2016-07-14 07:15:00', '2016-07-14 21:35:00', NULL, '', 'AI45647', 'dkkdfjkd', 'test', 8, 11263, '2016-07-11 14:47:46', 0, 11263, '2016-07-11 12:47:46', NULL, 0, 'T11015', '2016-07-11 12:47:46'),
(11087, 'New Delhi', 'Nagpur', '2016-07-12 07:10:00', '2016-07-14 15:45:00', NULL, '', 'AI45647', 'LF34343434343', 'test', 8, 11263, '2016-07-11 14:31:24', 0, 11263, '2016-07-11 12:31:24', NULL, 0, 'T11014', '2016-07-11 12:47:46'),
(11088, 'Jaipur', 'Mumbai', '2016-07-14 07:10:00', '2016-07-14 19:25:00', NULL, '', 'AI45647', 'Anfnfsdh2133', 'test', 5, 71, '2016-07-11 06:14:49', 1, 71, '2016-07-11 04:16:03', NULL, 0, 'T11013', '2016-07-11 12:47:46'),
(11089, 'New Delhi', 'Mumbai', '2016-07-14 13:00:00', '2016-07-14 15:40:00', NULL, '', 'SG213', 'ASDFSD', 'I can deliver to Mumbai ..', 7.5, 71, '2016-07-09 16:41:41', 7, 11326, '2016-07-09 15:20:42', 'Parcel Collected', 0, 'T11012', '2016-07-11 12:47:46'),
(11090, 'New Delhi', 'Mumbai', '2016-07-14 19:15:00', '2016-07-14 23:50:00', NULL, '', 'AI45647', 'A78774', 'test', 10, 11263, '2016-07-09 15:44:18', 3, 71, '2016-07-09 13:53:11', NULL, 0, 'T11011', '2016-07-11 12:47:46'),
(11091, 'Jaipur', 'Mumbai', '2016-07-30 07:25:00', '2016-07-30 07:25:00', NULL, '', 'Ai23456', 'tets reference', 'tets comemny', 10, 11259, '2016-07-09 09:50:49', 3, 11259, '2016-07-09 08:36:37', 'test reason', 0, 'T11010', '2016-07-11 12:47:46'),
(11092, 'Jaipur', 'Mumbai', '2016-07-09 07:05:00', '2016-07-09 07:05:00', NULL, '', 'Ai23456', 'tets reference', 'test comment', 10, 11282, '2016-07-09 08:57:35', 3, 11259, '2016-07-09 07:04:02', NULL, 0, 'T11009', '2016-07-11 12:47:46'),
(11093, 'New Delhi', 'Nagpur', '2016-07-12 07:10:00', '2016-07-14 15:45:00', NULL, '', 'AI45647', 'LF34343434343', 'test', 8, 11263, '2016-07-11 14:31:24', 1, 11263, '2016-07-11 12:51:01', NULL, 0, 'T11014', '2016-07-11 12:51:01'),
(11094, 'New Delhi', 'Nagpur', '2016-07-14 07:15:00', '2016-07-14 21:35:00', NULL, '', 'AI45647', 'dkkdfjkd', 'test', 8, 11263, '2016-07-11 14:47:46', 8, 11263, '2016-07-11 12:53:17', 'PNR not found ', 0, 'T11015', '2016-07-11 12:53:17'),
(11095, 'New Delhi', 'Nagpur', '2016-07-14 07:15:00', '2016-07-14 21:35:00', NULL, '', 'AI45647', 'dkkdfjkd', 'test', 8, 11263, '2016-07-11 14:47:46', 5, 11263, '2016-07-11 12:55:13', 'PNR not found ', 0, 'T11015', '2016-07-11 12:55:13'),
(11096, 'New Delhi', 'Nagpur', '2016-07-13 07:15:00', '2016-07-13 14:55:00', NULL, '', 'AI45647', 'Anfnfsdh2133', 'test', 8, 11263, '2016-07-11 15:02:05', 0, 11263, '0000-00-00 00:00:00', NULL, 0, NULL, '2016-07-11 13:02:05'),
(11097, 'New Delhi', 'Nagpur', '2016-07-13 07:15:00', '2016-07-13 14:55:00', NULL, '', 'AI45647', 'Anfnfsdh2133', 'test', 8, 11263, '2016-07-11 15:02:05', 0, 11263, '2016-07-11 13:02:05', NULL, 0, 'T11016', '2016-07-11 13:02:05'),
(11098, 'New Delhi', 'Nagpur', '2016-07-14 07:15:00', '2016-07-14 21:35:00', NULL, '', 'AI45647', 'dkkdfjkd', 'test', 8, 11263, '2016-07-11 14:47:46', 5, 11263, '2016-07-11 12:55:13', 'PNR not found ', 0, 'T11015', '2016-07-11 13:02:05'),
(11099, 'New Delhi', 'Nagpur', '2016-07-12 07:10:00', '2016-07-14 15:45:00', NULL, '', 'AI45647', 'LF34343434343', 'test', 8, 11263, '2016-07-11 14:31:24', 1, 11263, '2016-07-11 12:51:01', NULL, 0, 'T11014', '2016-07-11 13:02:05'),
(11100, 'Jaipur', 'Mumbai', '2016-07-14 07:10:00', '2016-07-14 19:25:00', NULL, '', 'AI45647', 'Anfnfsdh2133', 'test', 5, 71, '2016-07-11 06:14:49', 1, 71, '2016-07-11 04:16:03', NULL, 0, 'T11013', '2016-07-11 13:02:05'),
(11101, 'New Delhi', 'Mumbai', '2016-07-14 13:00:00', '2016-07-14 15:40:00', NULL, '', 'SG213', 'ASDFSD', 'I can deliver to Mumbai ..', 7.5, 71, '2016-07-09 16:41:41', 7, 11326, '2016-07-09 15:20:42', 'Parcel Collected', 0, 'T11012', '2016-07-11 13:02:05'),
(11102, 'New Delhi', 'Mumbai', '2016-07-14 19:15:00', '2016-07-14 23:50:00', NULL, '', 'AI45647', 'A78774', 'test', 10, 11263, '2016-07-09 15:44:18', 3, 71, '2016-07-09 13:53:11', NULL, 0, 'T11011', '2016-07-11 13:02:05'),
(11103, 'Jaipur', 'Mumbai', '2016-07-30 07:25:00', '2016-07-30 07:25:00', NULL, '', 'Ai23456', 'tets reference', 'tets comemny', 10, 11259, '2016-07-09 09:50:49', 3, 11259, '2016-07-09 08:36:37', 'test reason', 0, 'T11010', '2016-07-11 13:02:05'),
(11104, 'Jaipur', 'Mumbai', '2016-07-09 07:05:00', '2016-07-09 07:05:00', NULL, '', 'Ai23456', 'tets reference', 'test comment', 10, 11282, '2016-07-09 08:57:35', 3, 11259, '2016-07-09 07:04:02', NULL, 0, 'T11009', '2016-07-11 13:02:05'),
(11105, 'New Delhi', 'Nagpur', '2016-07-13 07:15:00', '2016-07-13 14:55:00', NULL, '', 'AI45647', 'Anfnfsdh2133', 'test', 8, 11263, '2016-07-11 15:02:05', 1, 11263, '2016-07-11 13:05:33', NULL, 0, 'T11016', '2016-07-11 13:05:33'),
(11106, 'New Delhi', 'Nagpur', '2016-07-12 07:10:00', '2016-07-14 15:45:00', NULL, '', 'AI45647', 'LF34343434343', 'test', 8, 11263, '2016-07-11 14:31:24', 3, 71, '2016-07-11 13:09:39', NULL, 0, 'T11014', '2016-07-11 13:09:39'),
(11107, 'New Delhi', 'Nagpur', '2016-07-12 07:10:00', '2016-07-14 15:45:00', NULL, '', 'AI45647', 'LF34343434343', 'test', 8, 11263, '2016-07-11 14:31:24', 1, 11263, '2016-07-11 13:28:35', 'Invalid Sender', 0, 'T11014', '2016-07-11 13:28:35'),
(11108, 'New Delhi', 'Nagpur', '2016-07-13 07:15:00', '2016-07-13 14:55:00', NULL, '', 'AI45647', 'Anfnfsdh2133', 'test', 8, 11263, '2016-07-11 15:02:05', 3, 71, '2016-07-11 13:36:18', NULL, 0, 'T11016', '2016-07-11 13:36:18'),
(11109, 'New Delhi', 'Nagpur', '2016-07-13 07:15:00', '2016-07-13 14:55:00', NULL, '', 'AI45647', 'Anfnfsdh2133', 'test', 8, 11263, '2016-07-11 15:02:05', 3, 11263, '2016-07-11 13:41:29', 'Parcel Collected', 0, 'T11016', '2016-07-11 13:41:29'),
(11110, 'New Delhi', 'Nagpur', '2016-07-13 07:15:00', '2016-07-13 14:55:00', NULL, '', 'AI45647', 'Anfnfsdh2133', 'test', 8, 11263, '2016-07-11 15:02:05', 6, 11263, '2016-07-11 13:41:57', 'Parcel Collected', 0, 'T11016', '2016-07-11 13:41:57'),
(11111, 'New Delhi', 'Nagpur', '2016-07-12 07:10:00', '2016-07-14 15:45:00', NULL, '', 'AI45647', 'LF34343434343', 'test', 8, 11263, '2016-07-11 14:31:24', 7, 71, '2016-07-11 13:44:23', 'Invalid Sender', 0, 'T11014', '2016-07-11 13:44:23'),
(11112, 'New Delhi', 'Nagpur', '2016-07-13 07:15:00', '2016-07-13 14:55:00', NULL, '', 'AI45647', 'Anfnfsdh2133', 'test', 8, 11263, '2016-07-11 15:02:05', 7, 71, '2016-07-11 13:44:23', 'Parcel Collected', 0, 'T11016', '2016-07-11 13:44:23'),
(11113, 'Jaipur', 'Mumbai', '2016-07-30 07:25:00', '2016-07-30 07:25:00', NULL, '', 'Ai23456', 'tets reference', 'tets comemny', 10, 11259, '2016-07-09 09:50:49', 1, 11259, '2016-07-12 11:51:18', 'test reason', 0, 'T11010', '2016-07-12 11:51:18'),
(11114, 'Jaipur', 'Mumbai', '2016-07-30 07:25:00', '2016-07-30 07:25:00', NULL, '', 'Ai23456', 'tets reference', 'tets comemny', 10, 11259, '2016-07-09 09:50:49', 3, 11259, '2016-07-12 12:22:55', 'test reason', 0, 'T11010', '2016-07-12 12:22:55'),
(11115, 'Jaipur', 'Mumbai', '2016-07-30 07:25:00', '2016-07-30 07:25:00', NULL, '', 'Ai23456', 'tets reference', 'tets comemny', 10, 11259, '2016-07-09 09:50:49', 1, 11259, '2016-07-12 12:23:34', 'test reason', 0, 'T11010', '2016-07-12 12:23:34'),
(11116, 'Jaipur', 'Mumbai', '2016-07-30 07:25:00', '2016-07-30 07:25:00', NULL, '', 'Ai23456', 'tets reference', 'tets comemny', 10, 11259, '2016-07-09 09:50:49', 3, 11259, '2016-07-12 12:34:49', 'test reason', 0, 'T11010', '2016-07-12 12:34:49'),
(11117, 'Jaipur', 'Mumbai', '2016-07-30 07:25:00', '2016-07-30 07:25:00', NULL, '', 'Ai23456', 'tets reference', 'tets comemny', 10, 11259, '2016-07-09 09:50:49', 1, 11259, '2016-07-12 12:41:15', 'test reason', 0, 'T11010', '2016-07-12 12:41:15'),
(11118, 'Jaipur', 'Mumbai', '2016-07-30 07:25:00', '2016-07-30 07:25:00', NULL, '', 'Ai23456', 'tets reference', 'tets comemny', 10, 11259, '2016-07-09 09:50:49', 3, 11259, '2016-07-12 12:41:34', 'test reason', 0, 'T11010', '2016-07-12 12:41:34'),
(11119, 'Jaipur', 'Mumbai', '2016-07-14 07:10:00', '2016-07-14 19:25:00', NULL, '', 'AI45647', 'Anfnfsdh2133', 'test', 5, 71, '2016-07-11 06:14:49', 3, 11263, '2016-07-12 12:44:51', NULL, 0, 'T11013', '2016-07-12 12:44:51'),
(11120, 'Jaipur', 'Mumbai', '2016-07-14 07:10:00', '2016-07-14 19:25:00', NULL, '', 'AI45647', 'Anfnfsdh2133', 'test', 5, 71, '2016-07-11 06:14:49', 1, 11263, '2016-07-12 12:45:30', NULL, 0, 'T11013', '2016-07-12 12:45:30'),
(11121, 'Jaipur', 'Mumbai', '2016-07-14 07:10:00', '2016-07-14 19:25:00', NULL, '', 'AI45647', 'Anfnfsdh2133', 'test', 5, 71, '2016-07-11 06:14:49', 1, 11263, '2016-07-12 12:45:30', NULL, 0, 'T11013', '2016-07-12 12:45:53'),
(11122, 'Jaipur', 'Mumbai', '2016-07-14 07:10:00', '2016-07-14 19:25:00', NULL, '', 'AI45647', 'Anfnfsdh2133', 'test', 5, 71, '2016-07-11 06:14:49', 3, 11263, '2016-07-12 12:47:19', NULL, 0, 'T11013', '2016-07-12 12:47:19'),
(11123, 'Jaipur', 'Mumbai', '2016-07-14 07:10:00', '2016-07-14 19:25:00', NULL, '', 'AI45647', 'Anfnfsdh2133', 'test', 5, 71, '2016-07-11 06:14:49', 1, 11263, '2016-07-12 12:47:39', NULL, 0, 'T11013', '2016-07-12 12:47:39'),
(11124, 'Jaipur', 'Mumbai', '2016-07-14 07:10:00', '2016-07-14 19:25:00', NULL, '', 'AI45647', 'Anfnfsdh2133', 'test', 5, 71, '2016-07-11 06:14:49', 1, 11263, '2016-07-12 12:47:39', NULL, 0, 'T11013', '2016-07-12 12:47:50'),
(11125, 'Jaipur', 'Mumbai', '2016-07-14 07:10:00', '2016-07-14 19:25:00', NULL, '', 'AI45647', 'Anfnfsdh2133', 'test', 5, 71, '2016-07-11 06:14:49', 3, 11263, '2016-07-12 12:48:10', NULL, 0, 'T11013', '2016-07-12 12:48:10'),
(11126, 'Jaipur', 'Mumbai', '2016-07-23 07:10:00', '2016-07-24 08:30:00', NULL, '', 'AIOJjbnbh', 'WEihyihdjb', 'test comment', 10, 11259, '2016-07-13 06:16:16', 0, 11259, '0000-00-00 00:00:00', NULL, 0, NULL, '2016-07-13 04:16:16'),
(11127, 'Jaipur', 'Mumbai', '2016-07-23 07:10:00', '2016-07-24 08:30:00', NULL, '', 'AIOJjbnbh', 'WEihyihdjb', 'test comment', 10, 11259, '2016-07-13 06:16:16', 0, 11259, '2016-07-13 04:16:16', NULL, 0, 'T11017', '2016-07-13 04:16:16'),
(11128, 'New Delhi', 'Nagpur', '2016-07-13 07:15:00', '2016-07-13 14:55:00', NULL, '', 'AI45647', 'Anfnfsdh2133', 'test', 8, 11263, '2016-07-11 15:02:05', 7, 71, '2016-07-11 13:44:23', 'Parcel Collected', 0, 'T11016', '2016-07-13 04:16:16'),
(11129, 'New Delhi', 'Nagpur', '2016-07-14 07:15:00', '2016-07-14 21:35:00', NULL, '', 'AI45647', 'dkkdfjkd', 'test', 8, 11263, '2016-07-11 14:47:46', 5, 11263, '2016-07-11 12:55:13', 'PNR not found ', 0, 'T11015', '2016-07-13 04:16:16'),
(11130, 'New Delhi', 'Nagpur', '2016-07-12 07:10:00', '2016-07-14 15:45:00', NULL, '', 'AI45647', 'LF34343434343', 'test', 8, 11263, '2016-07-11 14:31:24', 7, 71, '2016-07-11 13:44:23', 'Invalid Sender', 0, 'T11014', '2016-07-13 04:16:16'),
(11131, 'Jaipur', 'Mumbai', '2016-07-14 07:10:00', '2016-07-14 19:25:00', NULL, '', 'AI45647', 'Anfnfsdh2133', 'test', 5, 71, '2016-07-11 06:14:49', 3, 11263, '2016-07-12 12:48:10', NULL, 0, 'T11013', '2016-07-13 04:16:16'),
(11132, 'New Delhi', 'Mumbai', '2016-07-14 13:00:00', '2016-07-14 15:40:00', NULL, '', 'SG213', 'ASDFSD', 'I can deliver to Mumbai ..', 7.5, 71, '2016-07-09 16:41:41', 7, 11326, '2016-07-09 15:20:42', 'Parcel Collected', 0, 'T11012', '2016-07-13 04:16:16'),
(11133, 'New Delhi', 'Mumbai', '2016-07-14 19:15:00', '2016-07-14 23:50:00', NULL, '', 'AI45647', 'A78774', 'test', 10, 11263, '2016-07-09 15:44:18', 3, 71, '2016-07-09 13:53:11', NULL, 0, 'T11011', '2016-07-13 04:16:16'),
(11134, 'Jaipur', 'Mumbai', '2016-07-30 07:25:00', '2016-07-30 07:25:00', NULL, '', 'Ai23456', 'tets reference', 'tets comemny', 10, 11259, '2016-07-09 09:50:49', 3, 11259, '2016-07-12 12:41:34', 'test reason', 0, 'T11010', '2016-07-13 04:16:16'),
(11135, 'Jaipur', 'Mumbai', '2016-07-09 07:05:00', '2016-07-09 07:05:00', NULL, '', 'Ai23456', 'tets reference', 'test comment', 10, 11282, '2016-07-09 08:57:35', 3, 11259, '2016-07-09 07:04:02', NULL, 0, 'T11009', '2016-07-13 04:16:16'),
(11136, 'Jaipur', 'Mumbai', '2016-07-23 07:10:00', '2016-07-24 08:30:00', NULL, '', 'AIOJjbnbh', 'WEihyihdjb', 'test comment', 10, 11259, '2016-07-13 06:16:16', 8, 11259, '2016-07-13 04:19:48', 'test reason for hold', 0, 'T11017', '2016-07-13 04:19:48'),
(11137, 'Jaipur', 'Mumbai', '2016-07-23 07:10:00', '2016-07-24 08:30:00', NULL, '', 'AIOJjbnbh', 'WEihyihdjb', 'test comment', 10, 11259, '2016-07-13 06:16:16', 0, 11259, '2016-07-13 04:26:14', 'test reason for hold', 0, 'T11017', '2016-07-13 04:26:14'),
(11138, 'Jaipur', 'Mumbai', '2016-07-23 07:10:00', '2016-07-24 08:30:00', NULL, '', 'AIOJjbnbh', 'WEihyihdjb', 'test comment', 10, 11259, '2016-07-13 06:16:16', 8, 11259, '2016-07-13 04:26:47', 'hold by lalit', 0, 'T11017', '2016-07-13 04:26:47'),
(11139, 'Jaipur', 'Mumbai', '2016-07-23 07:10:00', '2016-07-24 08:30:00', NULL, '', 'AIOJjbnbh', 'WEihyihdjb', 'test comment', 10, 11259, '2016-07-13 06:16:16', 0, 11259, '2016-07-13 04:32:47', 'hold by lalit', 0, 'T11017', '2016-07-13 04:32:47'),
(11140, 'Jaipur', 'Mumbai', '2016-07-23 07:10:00', '2016-07-24 08:30:00', NULL, '', 'AIOJjbnbh', 'WEihyihdjb', 'test comment', 10, 11259, '2016-07-13 06:16:16', 5, 11259, '2016-07-13 04:32:55', 'hold by lalit', 0, 'T11017', '2016-07-13 04:32:55'),
(11141, 'Jaipur', 'Mumbai', '2016-07-23 07:10:00', '2016-07-24 08:30:00', NULL, '', 'AIOJjbnbh', 'WEihyihdjb', 'test comment', 10, 11259, '2016-07-13 06:16:16', 0, 11259, '2016-07-13 04:39:29', 'hold by lalit', 0, 'T11017', '2016-07-13 04:39:29'),
(11142, 'Jaipur', 'Mumbai', '2016-07-23 07:10:00', '2016-07-24 08:30:00', NULL, '', 'AIOJjbnbh', 'WEihyihdjb', 'test comment', 10, 11259, '2016-07-13 06:16:16', 5, 11259, '2016-07-13 04:41:03', 'test comment', 0, 'T11017', '2016-07-13 04:41:03'),
(11143, 'Jaipur', 'Mumbai', '2016-07-14 07:10:00', '2016-07-14 19:25:00', NULL, '', 'AI45647', 'Anfnfsdh2133', 'test', 5, 71, '2016-07-11 06:14:49', 3, 11259, '2016-07-13 04:53:39', NULL, 0, 'T11013', '2016-07-13 04:53:39'),
(11144, 'Jaipur', 'Mumbai', '2016-07-30 07:25:00', '2016-07-30 07:25:00', NULL, '', 'Ai23456', 'tets reference', 'tets comemny', 10, 11259, '2016-07-09 09:50:49', 1, 11259, '2016-07-13 04:54:18', 'test reject by    ss jain', 0, 'T11010', '2016-07-13 04:54:18'),
(11145, 'Jaipur', 'Mumbai', '2016-07-30 07:25:00', '2016-07-30 07:25:00', NULL, '', 'Ai23456', 'tets reference', 'tets comemny', 10, 11259, '2016-07-09 09:50:49', 1, 11259, '2016-07-13 04:54:18', 'test reject by    ss jain', 0, 'T11010', '2016-07-13 05:04:02'),
(11146, 'Jaipur', 'Mumbai', '2016-07-30 07:25:00', '2016-07-30 07:25:00', NULL, '', 'Ai23456', 'tets reference', 'tets comemny', 10, 11259, '2016-07-09 09:50:49', 1, 11259, '2016-07-13 04:54:18', 'test reject by    ss jain', 0, 'T11010', '2016-07-13 05:04:32'),
(11147, 'Jaipur', 'Mumbai', '2016-07-30 07:25:00', '2016-07-30 07:25:00', NULL, '', 'Ai23456', 'tets reference', 'tets comemny', 10, 11259, '2016-07-09 09:50:49', 3, 11259, '2016-07-13 05:07:11', 'test reject by    ss jain', 0, 'T11010', '2016-07-13 05:07:11'),
(11148, 'Jaipur', 'Mumbai', '2016-07-30 07:25:00', '2016-07-30 07:25:00', NULL, '', 'Ai23456', 'tets reference', 'tets comemny', 10, 11259, '2016-07-09 09:50:49', 1, 11259, '2016-07-13 05:09:10', 'test new reject', 0, 'T11010', '2016-07-13 05:09:10'),
(11149, 'Jaipur', 'Mumbai', '2016-07-30 07:25:00', '2016-07-30 07:25:00', NULL, '', 'Ai23456', 'tets reference', 'tets comemny', 10, 11259, '2016-07-09 09:50:49', 3, 11259, '2016-07-13 05:11:24', 'test new reject', 0, 'T11010', '2016-07-13 05:11:24'),
(11150, 'New Delhi', 'Mumbai', '2016-07-14 19:15:00', '2016-07-14 23:50:00', NULL, '', 'AI45647', 'A78774', 'test', 10, 11263, '2016-07-09 15:44:18', 3, 11263, '2016-07-13 09:44:34', 'Parcel Collected', 0, 'T11011', '2016-07-13 09:44:34'),
(11151, 'New Delhi', 'Mumbai', '2016-07-14 19:15:00', '2016-07-14 23:50:00', NULL, '', 'AI45647', 'A78774', 'test', 10, 11263, '2016-07-09 15:44:18', 3, 11263, '2016-07-13 09:44:34', 'Parcel Collected', 0, 'T11011', '2016-07-13 09:44:39'),
(11152, 'Jaipur', 'Mumbai', '2016-07-30 07:25:00', '2016-07-30 07:25:00', NULL, '', 'Ai23456', 'tets reference', 'tets comemny', 10, 11259, '2016-07-09 09:50:49', 3, 11259, '2016-07-13 09:47:25', 'Parcel Collected', 0, 'T11010', '2016-07-13 09:47:25'),
(11153, 'Jaipur', 'Mumbai', '2016-07-30 07:25:00', '2016-07-30 07:25:00', NULL, '', 'Ai23456', 'tets reference', 'tets comemny', 10, 11259, '2016-07-09 09:50:49', 6, 11259, '2016-07-13 10:02:58', 'Parcel Collected', 0, 'T11010', '2016-07-13 10:02:58'),
(11154, 'Jaipur', 'Mumbai', '2016-07-30 07:25:00', '2016-07-30 07:25:00', NULL, '', 'Ai23456', 'tets reference', 'tets comemny', 10, 11259, '2016-07-09 09:50:49', 7, 11263, '2016-07-13 10:04:53', 'Parcel Collected', 0, 'T11010', '2016-07-13 10:04:53'),
(11155, 'New Delhi', 'Mumbai', '2016-07-21 18:50:00', '2016-07-21 22:20:00', NULL, '', 'AI1238', 'ASDF12', '', 10, 71, '2016-07-17 09:53:20', 0, 71, '0000-00-00 00:00:00', NULL, 0, NULL, '2016-07-17 07:53:20'),
(11156, 'New Delhi', 'Mumbai', '2016-07-21 18:50:00', '2016-07-21 22:20:00', NULL, '', 'AI1238', 'ASDF12', '', 10, 71, '2016-07-17 09:53:20', 0, 71, '2016-07-17 07:53:20', NULL, 0, 'T11018', '2016-07-17 07:53:20'),
(11157, 'Jaipur', 'Mumbai', '2016-07-23 07:10:00', '2016-07-24 08:30:00', NULL, '', 'AIOJjbnbh', 'WEihyihdjb', 'test comment', 10, 11259, '2016-07-13 06:16:16', 5, 11259, '2016-07-13 04:41:03', 'test comment', 0, 'T11017', '2016-07-17 07:53:20'),
(11158, 'New Delhi', 'Nagpur', '2016-07-13 07:15:00', '2016-07-13 14:55:00', NULL, '', 'AI45647', 'Anfnfsdh2133', 'test', 8, 11263, '2016-07-11 15:02:05', 7, 71, '2016-07-11 13:44:23', 'Parcel Collected', 0, 'T11016', '2016-07-17 07:53:20'),
(11159, 'New Delhi', 'Nagpur', '2016-07-14 07:15:00', '2016-07-14 21:35:00', NULL, '', 'AI45647', 'dkkdfjkd', 'test', 8, 11263, '2016-07-11 14:47:46', 5, 11263, '2016-07-11 12:55:13', 'PNR not found ', 0, 'T11015', '2016-07-17 07:53:20'),
(11160, 'New Delhi', 'Nagpur', '2016-07-12 07:10:00', '2016-07-14 15:45:00', NULL, '', 'AI45647', 'LF34343434343', 'test', 8, 11263, '2016-07-11 14:31:24', 7, 71, '2016-07-11 13:44:23', 'Invalid Sender', 0, 'T11014', '2016-07-17 07:53:20'),
(11161, 'Jaipur', 'Mumbai', '2016-07-14 07:10:00', '2016-07-14 19:25:00', NULL, '', 'AI45647', 'Anfnfsdh2133', 'test', 5, 71, '2016-07-11 06:14:49', 3, 11259, '2016-07-13 04:53:39', NULL, 0, 'T11013', '2016-07-17 07:53:20'),
(11162, 'New Delhi', 'Mumbai', '2016-07-14 13:00:00', '2016-07-14 15:40:00', NULL, '', 'SG213', 'ASDFSD', 'I can deliver to Mumbai ..', 7.5, 71, '2016-07-09 16:41:41', 7, 11326, '2016-07-09 15:20:42', 'Parcel Collected', 0, 'T11012', '2016-07-17 07:53:20'),
(11163, 'New Delhi', 'Mumbai', '2016-07-14 19:15:00', '2016-07-14 23:50:00', NULL, '', 'AI45647', 'A78774', 'test', 10, 11263, '2016-07-09 15:44:18', 3, 11263, '2016-07-13 09:44:34', 'Parcel Collected', 0, 'T11011', '2016-07-17 07:53:20'),
(11164, 'Jaipur', 'Mumbai', '2016-07-30 07:25:00', '2016-07-30 07:25:00', NULL, '', 'Ai23456', 'tets reference', 'tets comemny', 10, 11259, '2016-07-09 09:50:49', 7, 11263, '2016-07-13 10:04:53', 'Parcel Collected', 0, 'T11010', '2016-07-17 07:53:20'),
(11165, 'Jaipur', 'Mumbai', '2016-07-09 07:05:00', '2016-07-09 07:05:00', NULL, '', 'Ai23456', 'tets reference', 'test comment', 10, 11282, '2016-07-09 08:57:35', 3, 11259, '2016-07-09 07:04:02', NULL, 0, 'T11009', '2016-07-17 07:53:20'),
(11166, 'New Delhi', 'Mumbai', '2016-07-20 12:00:00', '2016-07-20 15:10:00', NULL, '', 'AI45647', 'SD23SQ', 'test', 6, 71, '2016-07-18 07:23:58', 0, 71, '0000-00-00 00:00:00', NULL, 0, NULL, '2016-07-18 05:23:58'),
(11167, 'New Delhi', 'Mumbai', '2016-07-20 12:00:00', '2016-07-20 15:10:00', NULL, '', 'AI45647', 'SD23SQ', 'test', 6, 71, '2016-07-18 07:23:58', 0, 71, '2016-07-18 05:23:58', NULL, 0, 'T11019', '2016-07-18 05:23:58'),
(11168, 'New Delhi', 'Mumbai', '2016-07-21 18:50:00', '2016-07-21 22:20:00', NULL, '', 'AI1238', 'ASDF12', '', 10, 71, '2016-07-17 09:53:20', 0, 71, '2016-07-17 07:53:20', NULL, 0, 'T11018', '2016-07-18 05:23:58'),
(11169, 'Jaipur', 'Mumbai', '2016-07-23 07:10:00', '2016-07-24 08:30:00', NULL, '', 'AIOJjbnbh', 'WEihyihdjb', 'test comment', 10, 11259, '2016-07-13 06:16:16', 5, 11259, '2016-07-13 04:41:03', 'test comment', 0, 'T11017', '2016-07-18 05:23:58'),
(11170, 'New Delhi', 'Nagpur', '2016-07-13 07:15:00', '2016-07-13 14:55:00', NULL, '', 'AI45647', 'Anfnfsdh2133', 'test', 8, 11263, '2016-07-11 15:02:05', 7, 71, '2016-07-11 13:44:23', 'Parcel Collected', 0, 'T11016', '2016-07-18 05:23:58'),
(11171, 'New Delhi', 'Nagpur', '2016-07-14 07:15:00', '2016-07-14 21:35:00', NULL, '', 'AI45647', 'dkkdfjkd', 'test', 8, 11263, '2016-07-11 14:47:46', 5, 11263, '2016-07-11 12:55:13', 'PNR not found ', 0, 'T11015', '2016-07-18 05:23:58'),
(11172, 'New Delhi', 'Nagpur', '2016-07-12 07:10:00', '2016-07-14 15:45:00', NULL, '', 'AI45647', 'LF34343434343', 'test', 8, 11263, '2016-07-11 14:31:24', 7, 71, '2016-07-11 13:44:23', 'Invalid Sender', 0, 'T11014', '2016-07-18 05:23:58'),
(11173, 'Jaipur', 'Mumbai', '2016-07-14 07:10:00', '2016-07-14 19:25:00', NULL, '', 'AI45647', 'Anfnfsdh2133', 'test', 5, 71, '2016-07-11 06:14:49', 3, 11259, '2016-07-13 04:53:39', NULL, 0, 'T11013', '2016-07-18 05:23:58'),
(11174, 'New Delhi', 'Mumbai', '2016-07-14 13:00:00', '2016-07-14 15:40:00', NULL, '', 'SG213', 'ASDFSD', 'I can deliver to Mumbai ..', 7.5, 71, '2016-07-09 16:41:41', 7, 11326, '2016-07-09 15:20:42', 'Parcel Collected', 0, 'T11012', '2016-07-18 05:23:58'),
(11175, 'New Delhi', 'Mumbai', '2016-07-14 19:15:00', '2016-07-14 23:50:00', NULL, '', 'AI45647', 'A78774', 'test', 10, 11263, '2016-07-09 15:44:18', 3, 11263, '2016-07-13 09:44:34', 'Parcel Collected', 0, 'T11011', '2016-07-18 05:23:58'),
(11176, 'Jaipur', 'Mumbai', '2016-07-30 07:25:00', '2016-07-30 07:25:00', NULL, '', 'Ai23456', 'tets reference', 'tets comemny', 10, 11259, '2016-07-09 09:50:49', 7, 11263, '2016-07-13 10:04:53', 'Parcel Collected', 0, 'T11010', '2016-07-18 05:23:58'),
(11177, 'Jaipur', 'Mumbai', '2016-07-14 07:10:00', '2016-07-14 19:25:00', NULL, '', 'AI45647', 'Anfnfsdh2133', 'test', 5, 71, '2016-07-11 06:14:49', 7, 11259, '2016-07-22 07:35:58', NULL, 0, 'T11013', '2016-07-22 07:35:58'),
(11178, 'Jaipur', 'Thailand', '2016-07-27 07:15:00', '2016-07-28 06:50:00', NULL, '', 'AIhgjdghgh', '325342436246', 'test comment', 10, 11259, '2016-07-23 11:21:33', 0, 11259, '0000-00-00 00:00:00', NULL, 0, NULL, '2016-07-23 09:21:33'),
(11179, 'Jaipur', 'Thailand', '2016-07-27 07:15:00', '2016-07-28 06:50:00', NULL, '', 'AIhgjdghgh', '325342436246', 'test comment', 10, 11259, '2016-07-23 11:21:33', 0, 11259, '2016-07-23 09:21:34', NULL, 0, 'T11020', '2016-07-23 09:21:34'),
(11180, 'Jaipur', 'Thailand', '2016-07-27 07:15:00', '2016-07-28 06:50:00', NULL, '', 'AIhgjdghgh', '325342436246', 'test comment', 10, 11259, '2016-07-23 11:21:33', 1, 11259, '2016-07-23 09:22:37', 'test comment', 0, 'T11020', '2016-07-23 09:22:37'),
(11181, 'Jaipur', 'Thailand', '2016-07-27 07:15:00', '2016-07-28 06:50:00', NULL, '', 'AIhgjdghgh', '325342436246', 'test comment', 10, 11259, '2016-07-23 11:21:33', 2, 11259, '2016-07-23 09:53:26', 'test comment', 0, 'T11020', '2016-07-23 09:53:26'),
(11182, 'Jaipur', 'Thailand', '2016-07-27 07:15:00', '2016-07-28 06:50:00', NULL, '', 'AIhgjdghgh', '325342436246', 'test comment', 10, 11259, '2016-07-23 11:21:33', 3, 11259, '2016-07-23 10:04:12', 'test comment', 0, 'T11020', '2016-07-23 10:04:12'),
(11183, 'Jaipur', 'Thailand', '2016-07-23 07:05:00', '2016-07-24 04:05:00', NULL, '', 'AIhgjdghgh', '432423', 'test commennt', 10, 11259, '2016-07-23 12:31:23', 0, 11259, '0000-00-00 00:00:00', NULL, 0, NULL, '2016-07-23 10:31:23'),
(11184, 'Jaipur', 'Thailand', '2016-07-23 07:05:00', '2016-07-24 04:05:00', NULL, '', 'AIhgjdghgh', '432423', 'test commennt', 10, 11259, '2016-07-23 12:31:23', 0, 11259, '2016-07-23 10:31:23', NULL, 0, 'T11021', '2016-07-23 10:31:23'),
(11185, 'Jaipur', 'Thailand', '2016-07-27 07:15:00', '2016-07-28 06:50:00', NULL, '', 'AIhgjdghgh', '325342436246', 'test comment', 10, 11259, '2016-07-23 11:21:33', 3, 11259, '2016-07-23 10:04:12', 'test comment', 0, 'T11020', '2016-07-23 10:31:23'),
(11186, 'Jaipur', 'Thailand', '2016-07-23 07:05:00', '2016-07-24 04:05:00', NULL, '', 'AIhgjdghgh', '432423', 'test commennt', 10, 11259, '2016-07-23 12:31:23', 1, 11259, '2016-07-23 10:32:09', 'sd', 0, 'T11021', '2016-07-23 10:32:09'),
(11187, 'Jaipur', 'Thailand', '2016-07-23 07:05:00', '2016-07-24 04:05:00', NULL, '', 'AIhgjdghgh', '432423', 'test commennt', 10, 11259, '2016-07-23 12:31:23', 2, 11259, '2016-07-23 10:36:51', 'sd', 0, 'T11021', '2016-07-23 10:36:51'),
(11188, 'Jaipur', 'Thailand', '2016-07-23 07:05:00', '2016-07-24 04:05:00', NULL, '', 'AIhgjdghgh', '432423', 'test commennt', 10, 11259, '2016-07-23 12:31:23', 3, 11259, '2016-07-23 10:37:38', 'sd', 0, 'T11021', '2016-07-23 10:37:38'),
(11189, 'Jaipur', 'Thailand', '2016-07-27 07:15:00', '2016-07-28 06:50:00', NULL, '', 'AIhgjdghgh', '325342436246', 'test comment', 10, 11259, '2016-07-23 11:21:33', 2, 71, '2016-07-23 10:53:21', 'test comment', 0, 'T11020', '2016-07-23 10:53:21'),
(11190, 'Jaipur', 'Thailand', '2016-07-27 07:15:00', '2016-07-28 06:50:00', NULL, '', 'AIhgjdghgh', '325342436246', 'test comment', 10, 11259, '2016-07-23 11:21:33', 3, 71, '2016-07-23 10:54:18', 'test comment', 0, 'T11020', '2016-07-23 10:54:18'),
(11191, 'Jaipur', 'New Delhi', '2016-08-09 22:35:00', '2016-08-09 23:10:00', NULL, '', 'AI2354', 'ASD213', '', 8, 71, '2016-08-05 11:57:53', 0, 71, '0000-00-00 00:00:00', NULL, 0, NULL, '2016-08-05 09:57:53'),
(11192, 'Jaipur', 'New Delhi', '2016-08-09 22:35:00', '2016-08-09 23:10:00', NULL, '', 'AI2354', 'ASD213', '', 8, 71, '2016-08-05 11:57:53', 0, 71, '2016-08-05 09:57:53', NULL, 0, 'T11022', '2016-08-05 09:57:53'),
(11193, 'Jaipur', 'Thailand', '2016-07-23 07:05:00', '2016-07-24 04:05:00', NULL, '', 'AIhgjdghgh', '432423', 'test commennt', 10, 11259, '2016-07-23 12:31:23', 3, 11259, '2016-07-23 10:37:38', 'sd', 0, 'T11021', '2016-08-05 09:57:53'),
(11194, 'Jaipur', 'Thailand', '2016-07-27 07:15:00', '2016-07-28 06:50:00', NULL, '', 'AIhgjdghgh', '325342436246', 'test comment', 10, 11259, '2016-07-23 11:21:33', 3, 71, '2016-07-23 10:54:18', 'test comment', 0, 'T11020', '2016-08-05 09:57:53'),
(11195, 'New Delhi', 'Mumbai', '2016-08-09 21:00:00', '2016-08-09 22:25:00', NULL, '', 'SG1234', 'ASWEPO', 'After Mumbai I will travel to Pune by road, I can accept the package to Pune as well.', 10, 11246, '2016-08-05 12:11:08', 0, 11246, '0000-00-00 00:00:00', NULL, 0, NULL, '2016-08-05 10:11:08'),
(11196, 'New Delhi', 'Mumbai', '2016-08-09 21:00:00', '2016-08-09 22:25:00', NULL, '', 'SG1234', 'ASWEPO', 'After Mumbai I will travel to Pune by road, I can accept the package to Pune as well.', 10, 11246, '2016-08-05 12:11:08', 0, 11246, '2016-08-05 10:11:08', NULL, 0, 'T11023', '2016-08-05 10:11:08'),
(11197, 'Jaipur', 'New Delhi', '2016-08-09 22:35:00', '2016-08-09 23:10:00', NULL, '', 'AI2354', 'ASD213', '', 8, 71, '2016-08-05 11:57:53', 0, 71, '2016-08-05 09:57:53', NULL, 0, 'T11022', '2016-08-05 10:11:08'),
(11198, 'Jaipur', 'Thailand', '2016-07-23 07:05:00', '2016-07-24 04:05:00', NULL, '', 'AIhgjdghgh', '432423', 'test commennt', 10, 11259, '2016-07-23 12:31:23', 3, 11259, '2016-07-23 10:37:38', 'sd', 0, 'T11021', '2016-08-05 10:11:08'),
(11199, 'Jaipur', 'Thailand', '2016-07-27 07:15:00', '2016-07-28 06:50:00', NULL, '', 'AIhgjdghgh', '325342436246', 'test comment', 10, 11259, '2016-07-23 11:21:33', 3, 71, '2016-07-23 10:54:18', 'test comment', 0, 'T11020', '2016-08-05 10:11:08'),
(11200, 'New Delhi', 'Mumbai', '2016-08-09 21:00:00', '2016-08-09 22:25:00', NULL, '', 'SG1234', 'ASWEPO', 'After Mumbai I will travel to Pune by road, I can accept the package to Pune as well.', 10, 11246, '2016-08-05 12:11:08', 1, 11246, '2016-08-05 10:14:17', 'Approved, Ticket verified', 0, 'T11023', '2016-08-05 10:14:17'),
(11201, 'New Delhi', 'Mumbai', '2016-08-09 21:00:00', '2016-08-09 22:25:00', NULL, '', 'SG1234', 'ASWEPO', 'After Mumbai I will travel to Pune by road, I can accept the package to Pune as well.', 10, 11246, '2016-08-05 12:11:08', 2, 11246, '2016-08-05 10:23:32', 'Approved, Ticket verified', 0, 'T11023', '2016-08-05 10:23:32'),
(11202, 'New Delhi', 'Mumbai', '2016-08-09 21:00:00', '2016-08-09 22:25:00', NULL, '', 'SG1234', 'ASWEPO', 'After Mumbai I will travel to Pune by road, I can accept the package to Pune as well.', 10, 11246, '2016-08-05 12:11:08', 3, 71, '2016-08-05 11:10:08', 'Approved, Ticket verified', 0, 'T11023', '2016-08-05 11:10:08'),
(11203, 'New Delhi', 'Mumbai', '2016-08-09 21:00:00', '2016-08-09 22:25:00', NULL, '', 'SG1234', 'ASWEPO', 'After Mumbai I will travel to Pune by road, I can accept the package to Pune as well.', 10, 11246, '2016-08-05 12:11:08', 3, 11246, '2016-08-05 11:18:16', 'Parcel Collected', 0, 'T11023', '2016-08-05 11:18:16'),
(11204, 'New Delhi', 'Mumbai', '2016-08-09 21:00:00', '2016-08-09 22:25:00', NULL, '', 'SG1234', 'ASWEPO', 'After Mumbai I will travel to Pune by road, I can accept the package to Pune as well.', 10, 11246, '2016-08-05 12:11:08', 2, 11259, '2016-08-05 16:11:21', 'Parcel Collected', 0, 'T11023', '2016-08-05 16:11:21'),
(11205, 'New Delhi', 'Chennai', '2016-08-11 01:20:00', '2016-08-11 04:05:00', NULL, '', 'AI4594', 'ADSFREW', 'Going to Chennai', 10, 11246, '2016-08-06 03:16:25', 0, 11246, '0000-00-00 00:00:00', NULL, 0, NULL, '2016-08-06 01:16:25'),
(11206, 'New Delhi', 'Chennai', '2016-08-11 01:20:00', '2016-08-11 04:05:00', NULL, '', 'AI4594', 'ADSFREW', 'Going to Chennai', 10, 11246, '2016-08-06 03:16:25', 0, 11246, '2016-08-06 01:16:25', NULL, 0, 'T11024', '2016-08-06 01:16:25'),
(11207, 'New Delhi', 'Mumbai', '2016-08-09 21:00:00', '2016-08-09 22:25:00', NULL, '', 'SG1234', 'ASWEPO', 'After Mumbai I will travel to Pune by road, I can accept the package to Pune as well.', 10, 11246, '2016-08-05 12:11:08', 2, 11259, '2016-08-05 16:11:21', 'Parcel Collected', 0, 'T11023', '2016-08-06 01:16:25'),
(11208, 'Jaipur', 'New Delhi', '2016-08-09 22:35:00', '2016-08-09 23:10:00', NULL, '', 'AI2354', 'ASD213', '', 8, 71, '2016-08-05 11:57:53', 0, 71, '2016-08-05 09:57:53', NULL, 0, 'T11022', '2016-08-06 01:16:25'),
(11209, 'Jaipur', 'Thailand', '2016-07-23 07:05:00', '2016-07-24 04:05:00', NULL, '', 'AIhgjdghgh', '432423', 'test commennt', 10, 11259, '2016-07-23 12:31:23', 3, 11259, '2016-07-23 10:37:38', 'sd', 0, 'T11021', '2016-08-06 01:16:25'),
(11210, 'Jaipur', 'Thailand', '2016-07-27 07:15:00', '2016-07-28 06:50:00', NULL, '', 'AIhgjdghgh', '325342436246', 'test comment', 10, 11259, '2016-07-23 11:21:33', 3, 71, '2016-07-23 10:54:18', 'test comment', 0, 'T11020', '2016-08-06 01:16:25'),
(11211, 'New Delhi', 'Chennai', '2016-08-11 01:20:00', '2016-08-11 04:05:00', NULL, '', 'AI4594', 'ADSFREW', 'Going to Chennai', 10, 11246, '2016-08-06 03:16:25', 1, 11246, '2016-08-06 01:18:16', 'Approved', 0, 'T11024', '2016-08-06 01:18:16'),
(11212, 'Jaipur', 'New Delhi', '2016-08-09 22:35:00', '2016-08-09 23:10:00', NULL, '', 'AI2354', 'ASD213', '', 8, 71, '2016-08-05 11:57:53', 1, 71, '2016-08-06 01:18:25', 'Approved', 0, 'T11022', '2016-08-06 01:18:25'),
(11213, 'New Delhi', 'Chennai', '2016-08-11 01:20:00', '2016-08-11 04:05:00', NULL, '', 'AI4594', 'ADSFREW', 'Going to Chennai', 10, 11246, '2016-08-06 03:16:25', 2, 11330, '2016-08-06 01:39:28', 'Approved', 0, 'T11024', '2016-08-06 01:39:28'),
(11214, 'New Delhi', 'Mumbai', '2016-08-09 21:00:00', '2016-08-09 22:25:00', NULL, '', 'SG1234', 'ASWEPO', 'After Mumbai I will travel to Pune by road, I can accept the package to Pune as well.', 10, 11246, '2016-08-05 12:11:08', 2, 11259, '2016-08-05 16:11:21', 'Parcel Collected', 0, 'T11023', '2016-08-06 05:19:28'),
(11215, 'New Delhi', 'Mumbai', '2016-08-09 21:00:00', '2016-08-09 22:25:00', NULL, '', 'SG1234', 'ASWEPO', 'After Mumbai I will travel to Pune by road, I can accept the package to Pune as well.', 10, 11246, '2016-08-05 12:11:08', 3, 11259, '2016-08-06 05:19:44', 'Parcel Collected', 0, 'T11023', '2016-08-06 05:19:44'),
(11216, 'New Delhi', 'Mumbai', '2016-08-09 21:00:00', '2016-08-09 22:25:00', NULL, '', 'SG1234', 'ASWEPO', 'After Mumbai I will travel to Pune by road, I can accept the package to Pune as well.', 10, 11246, '2016-08-05 12:11:08', 3, 11246, '2016-08-06 05:21:22', 'Parcel Collected', 0, 'T11023', '2016-08-06 05:21:22'),
(11217, 'New Delhi', 'Mumbai', '2016-08-09 21:00:00', '2016-08-09 22:25:00', NULL, '', 'SG1234', 'ASWEPO', 'After Mumbai I will travel to Pune by road, I can accept the package to Pune as well.', 10, 11246, '2016-08-05 12:11:08', 6, 11246, '2016-08-06 05:21:43', 'Parcel Collected', 0, 'T11023', '2016-08-06 05:21:43'),
(11218, 'Jaipur', 'Mumbai', '2016-08-18 07:05:00', '2016-08-21 07:05:00', NULL, '', 'Aqjkd', 'test', 'test desc', 10, 11259, '2016-08-06 09:17:37', 0, 11259, '0000-00-00 00:00:00', NULL, 0, NULL, '2016-08-06 07:17:37'),
(11219, 'Jaipur', 'Mumbai', '2016-08-18 07:05:00', '2016-08-21 07:05:00', NULL, '', 'Aqjkd', 'test', 'test desc', 10, 11259, '2016-08-06 09:17:37', 0, 11259, '2016-08-06 07:17:37', NULL, 0, 'T11025', '2016-08-06 07:17:37'),
(11220, 'New Delhi', 'Chennai', '2016-08-11 01:20:00', '2016-08-11 04:05:00', NULL, '', 'AI4594', 'ADSFREW', 'Going to Chennai', 10, 11246, '2016-08-06 03:16:25', 2, 11330, '2016-08-06 01:39:28', 'Approved', 0, 'T11024', '2016-08-06 07:17:37'),
(11221, 'New Delhi', 'Mumbai', '2016-08-09 21:00:00', '2016-08-09 22:25:00', NULL, '', 'SG1234', 'ASWEPO', 'After Mumbai I will travel to Pune by road, I can accept the package to Pune as well.', 10, 11246, '2016-08-05 12:11:08', 6, 11246, '2016-08-06 05:21:43', 'Parcel Collected', 0, 'T11023', '2016-08-06 07:17:37'),
(11222, 'Jaipur', 'New Delhi', '2016-08-09 22:35:00', '2016-08-09 23:10:00', NULL, '', 'AI2354', 'ASD213', '', 8, 71, '2016-08-05 11:57:53', 1, 71, '2016-08-06 01:18:25', 'Approved', 0, 'T11022', '2016-08-06 07:17:37'),
(11223, 'Jaipur', 'Thailand', '2016-07-23 07:05:00', '2016-07-24 04:05:00', NULL, '', 'AIhgjdghgh', '432423', 'test commennt', 10, 11259, '2016-07-23 12:31:23', 3, 11259, '2016-07-23 10:37:38', 'sd', 0, 'T11021', '2016-08-06 07:17:37'),
(11224, 'Jaipur', 'Thailand', '2016-07-27 07:15:00', '2016-07-28 06:50:00', NULL, '', 'AIhgjdghgh', '325342436246', 'test comment', 10, 11259, '2016-07-23 11:21:33', 3, 71, '2016-07-23 10:54:18', 'test comment', 0, 'T11020', '2016-08-06 07:17:37'),
(11225, 'Jaipur', 'Mumbai', '2016-08-27 07:15:00', '2016-08-28 07:15:00', NULL, '', 'Aqjkd', 'test', '', 10, 11259, '2016-08-06 09:18:21', 0, 11259, '0000-00-00 00:00:00', NULL, 0, NULL, '2016-08-06 07:18:21'),
(11226, 'Jaipur', 'Mumbai', '2016-08-27 07:15:00', '2016-08-28 07:15:00', NULL, '', 'Aqjkd', 'test', '', 10, 11259, '2016-08-06 09:18:21', 0, 11259, '2016-08-06 07:18:21', NULL, 0, 'T11026', '2016-08-06 07:18:21'),
(11227, 'Jaipur', 'Mumbai', '2016-08-18 07:05:00', '2016-08-21 07:05:00', NULL, '', 'Aqjkd', 'test', 'test desc', 10, 11259, '2016-08-06 09:17:37', 0, 11259, '2016-08-06 07:17:37', NULL, 0, 'T11025', '2016-08-06 07:18:21'),
(11228, 'New Delhi', 'Chennai', '2016-08-11 01:20:00', '2016-08-11 04:05:00', NULL, '', 'AI4594', 'ADSFREW', 'Going to Chennai', 10, 11246, '2016-08-06 03:16:25', 2, 11330, '2016-08-06 01:39:28', 'Approved', 0, 'T11024', '2016-08-06 07:18:21'),
(11229, 'New Delhi', 'Mumbai', '2016-08-09 21:00:00', '2016-08-09 22:25:00', NULL, '', 'SG1234', 'ASWEPO', 'After Mumbai I will travel to Pune by road, I can accept the package to Pune as well.', 10, 11246, '2016-08-05 12:11:08', 6, 11246, '2016-08-06 05:21:43', 'Parcel Collected', 0, 'T11023', '2016-08-06 07:18:21'),
(11230, 'Jaipur', 'New Delhi', '2016-08-09 22:35:00', '2016-08-09 23:10:00', NULL, '', 'AI2354', 'ASD213', '', 8, 71, '2016-08-05 11:57:53', 1, 71, '2016-08-06 01:18:25', 'Approved', 0, 'T11022', '2016-08-06 07:18:21'),
(11231, 'Jaipur', 'Thailand', '2016-07-23 07:05:00', '2016-07-24 04:05:00', NULL, '', 'AIhgjdghgh', '432423', 'test commennt', 10, 11259, '2016-07-23 12:31:23', 3, 11259, '2016-07-23 10:37:38', 'sd', 0, 'T11021', '2016-08-06 07:18:21'),
(11232, 'Jaipur', 'Thailand', '2016-07-27 07:15:00', '2016-07-28 06:50:00', NULL, '', 'AIhgjdghgh', '325342436246', 'test comment', 10, 11259, '2016-07-23 11:21:33', 3, 71, '2016-07-23 10:54:18', 'test comment', 0, 'T11020', '2016-08-06 07:18:21'),
(11233, 'Jaipur', 'Mumbai', '2016-08-27 07:15:00', '2016-08-28 07:15:00', NULL, '', 'Aqjkd', 'test', '', 10, 11259, '2016-08-06 09:18:35', 0, 11259, '0000-00-00 00:00:00', NULL, 0, NULL, '2016-08-06 07:18:35'),
(11234, 'Jaipur', 'Mumbai', '2016-08-27 07:15:00', '2016-08-28 07:15:00', NULL, '', 'Aqjkd', 'test', '', 10, 11259, '2016-08-06 09:18:35', 0, 11259, '2016-08-06 07:18:35', NULL, 0, 'T11027', '2016-08-06 07:18:35'),
(11235, 'Jaipur', 'Mumbai', '2016-08-27 07:15:00', '2016-08-28 07:15:00', NULL, '', 'Aqjkd', 'test', '', 10, 11259, '2016-08-06 09:18:21', 0, 11259, '2016-08-06 07:18:21', NULL, 0, 'T11026', '2016-08-06 07:18:35'),
(11236, 'Jaipur', 'Mumbai', '2016-08-18 07:05:00', '2016-08-21 07:05:00', NULL, '', 'Aqjkd', 'test', 'test desc', 10, 11259, '2016-08-06 09:17:37', 0, 11259, '2016-08-06 07:17:37', NULL, 0, 'T11025', '2016-08-06 07:18:35'),
(11237, 'New Delhi', 'Chennai', '2016-08-11 01:20:00', '2016-08-11 04:05:00', NULL, '', 'AI4594', 'ADSFREW', 'Going to Chennai', 10, 11246, '2016-08-06 03:16:25', 2, 11330, '2016-08-06 01:39:28', 'Approved', 0, 'T11024', '2016-08-06 07:18:35'),
(11238, 'New Delhi', 'Mumbai', '2016-08-09 21:00:00', '2016-08-09 22:25:00', NULL, '', 'SG1234', 'ASWEPO', 'After Mumbai I will travel to Pune by road, I can accept the package to Pune as well.', 10, 11246, '2016-08-05 12:11:08', 6, 11246, '2016-08-06 05:21:43', 'Parcel Collected', 0, 'T11023', '2016-08-06 07:18:35'),
(11239, 'Jaipur', 'New Delhi', '2016-08-09 22:35:00', '2016-08-09 23:10:00', NULL, '', 'AI2354', 'ASD213', '', 8, 71, '2016-08-05 11:57:53', 1, 71, '2016-08-06 01:18:25', 'Approved', 0, 'T11022', '2016-08-06 07:18:35'),
(11240, 'Jaipur', 'Thailand', '2016-07-23 07:05:00', '2016-07-24 04:05:00', NULL, '', 'AIhgjdghgh', '432423', 'test commennt', 10, 11259, '2016-07-23 12:31:23', 3, 11259, '2016-07-23 10:37:38', 'sd', 0, 'T11021', '2016-08-06 07:18:35');
INSERT INTO `cms_trips_log` (`id`, `source`, `destination`, `dep_time`, `arrival_time`, `duration`, `image`, `flight_no`, `pnr`, `comment`, `capacity`, `t_id`, `created`, `status`, `processed_by`, `update`, `requirement`, `payment`, `TripID`, `updated`) VALUES
(11241, 'Jaipur', 'Thailand', '2016-07-27 07:15:00', '2016-07-28 06:50:00', NULL, '', 'AIhgjdghgh', '325342436246', 'test comment', 10, 11259, '2016-07-23 11:21:33', 3, 71, '2016-07-23 10:54:18', 'test comment', 0, 'T11020', '2016-08-06 07:18:35'),
(11242, 'Jaipur', 'Mumbai', '2016-08-27 07:15:00', '2016-08-28 07:15:00', NULL, '', 'Aqjkd', 'test', '', 10, 11259, '2016-08-06 09:20:29', 0, 11259, '0000-00-00 00:00:00', NULL, 0, NULL, '2016-08-06 07:20:29'),
(11243, 'Jaipur', 'Mumbai', '2016-08-27 07:15:00', '2016-08-28 07:15:00', NULL, '', 'Aqjkd', 'test', '', 10, 11259, '2016-08-06 09:20:29', 0, 11259, '2016-08-06 07:20:29', NULL, 0, 'T11028', '2016-08-06 07:20:29'),
(11244, 'Jaipur', 'Mumbai', '2016-08-27 07:15:00', '2016-08-28 07:15:00', NULL, '', 'Aqjkd', 'test', '', 10, 11259, '2016-08-06 09:18:35', 0, 11259, '2016-08-06 07:18:35', NULL, 0, 'T11027', '2016-08-06 07:20:29'),
(11245, 'Jaipur', 'Mumbai', '2016-08-27 07:15:00', '2016-08-28 07:15:00', NULL, '', 'Aqjkd', 'test', '', 10, 11259, '2016-08-06 09:18:21', 0, 11259, '2016-08-06 07:18:21', NULL, 0, 'T11026', '2016-08-06 07:20:29'),
(11246, 'Jaipur', 'Mumbai', '2016-08-18 07:05:00', '2016-08-21 07:05:00', NULL, '', 'Aqjkd', 'test', 'test desc', 10, 11259, '2016-08-06 09:17:37', 0, 11259, '2016-08-06 07:17:37', NULL, 0, 'T11025', '2016-08-06 07:20:29'),
(11247, 'New Delhi', 'Chennai', '2016-08-11 01:20:00', '2016-08-11 04:05:00', NULL, '', 'AI4594', 'ADSFREW', 'Going to Chennai', 10, 11246, '2016-08-06 03:16:25', 2, 11330, '2016-08-06 01:39:28', 'Approved', 0, 'T11024', '2016-08-06 07:20:29'),
(11248, 'New Delhi', 'Mumbai', '2016-08-09 21:00:00', '2016-08-09 22:25:00', NULL, '', 'SG1234', 'ASWEPO', 'After Mumbai I will travel to Pune by road, I can accept the package to Pune as well.', 10, 11246, '2016-08-05 12:11:08', 6, 11246, '2016-08-06 05:21:43', 'Parcel Collected', 0, 'T11023', '2016-08-06 07:20:29'),
(11249, 'Jaipur', 'New Delhi', '2016-08-09 22:35:00', '2016-08-09 23:10:00', NULL, '', 'AI2354', 'ASD213', '', 8, 71, '2016-08-05 11:57:53', 1, 71, '2016-08-06 01:18:25', 'Approved', 0, 'T11022', '2016-08-06 07:20:29'),
(11250, 'Jaipur', 'Thailand', '2016-07-23 07:05:00', '2016-07-24 04:05:00', NULL, '', 'AIhgjdghgh', '432423', 'test commennt', 10, 11259, '2016-07-23 12:31:23', 3, 11259, '2016-07-23 10:37:38', 'sd', 0, 'T11021', '2016-08-06 07:20:29'),
(11251, 'Jaipur', 'Thailand', '2016-07-27 07:15:00', '2016-07-28 06:50:00', NULL, '', 'AIhgjdghgh', '325342436246', 'test comment', 10, 11259, '2016-07-23 11:21:33', 3, 71, '2016-07-23 10:54:18', 'test comment', 0, 'T11020', '2016-08-06 07:20:29'),
(11252, 'New Delhi', 'Chennai', '2016-08-11 01:20:00', '2016-08-11 04:05:00', NULL, '', 'AI4594', 'ADSFREW', 'Going to Chennai', 10, 11246, '2016-08-06 03:16:25', 2, 11246, '2016-08-06 07:54:13', 'Approved', 0, 'T11024', '2016-08-06 07:54:13'),
(11253, 'New Delhi', 'Mumbai', '2016-08-09 21:00:00', '2016-08-09 22:25:00', NULL, '', 'SG1234', 'ASWEPO', 'After Mumbai I will travel to Pune by road, I can accept the package to Pune as well.', 10, 11246, '2016-08-05 12:11:08', 3, 11259, '2016-08-06 09:43:32', 'Parcel Collected', 0, 'T11023', '2016-08-06 09:43:32'),
(11254, 'New Delhi', 'Mumbai', '2016-08-09 21:00:00', '2016-08-09 22:25:00', NULL, '', 'SG1234', 'ASWEPO', 'After Mumbai I will travel to Pune by road, I can accept the package to Pune as well.', 10, 11246, '2016-08-05 12:11:08', 1, 11259, '2016-08-06 09:43:47', 'Parcel Collected', 0, 'T11023', '2016-08-06 09:43:47'),
(11255, 'New Delhi', 'Mumbai', '2016-08-09 21:00:00', '2016-08-09 10:25:00', NULL, '', 'SG1234', 'ASWEPO', 'After Mumbai I will travel to Pune by road, I can accept the package to Pune as well.', 10, 11246, '2016-08-05 12:11:08', 0, 11246, '2016-08-06 10:36:57', 'Parcel Collected', 0, 'T11023', '2016-08-06 10:36:57'),
(11256, 'New Delhi', 'Mumbai', '2016-08-09 21:00:00', '2016-08-09 10:25:00', NULL, '', 'SG1234', 'ASWEPO', 'After Mumbai I will travel to Pune by road, I can accept the package to Pune as well.', 10, 11246, '2016-08-05 12:11:08', 1, 11246, '2016-08-06 10:37:44', 'fd', 0, 'T11023', '2016-08-06 10:37:44'),
(11257, 'Jaipur', 'Mumbai', '2016-08-18 07:05:00', '2016-08-21 07:05:00', NULL, '', 'Aqjkd', 'test', 'test desc', 10, 11259, '2016-08-06 09:17:37', 1, 11259, '2016-08-06 10:37:51', 'fd', 0, 'T11025', '2016-08-06 10:37:51'),
(11258, 'Jaipur', 'Mumbai', '2016-08-27 07:15:00', '2016-08-28 07:15:00', NULL, '', 'Aqjkd', 'test', '', 10, 11259, '2016-08-06 09:18:21', 1, 11259, '2016-08-06 10:37:55', 'df', 0, 'T11026', '2016-08-06 10:37:55'),
(11259, 'Jaipur', 'Mumbai', '2016-08-27 07:15:00', '2016-08-28 07:15:00', NULL, '', 'Aqjkd', 'test', '', 10, 11259, '2016-08-06 09:18:35', 1, 11259, '2016-08-06 10:38:00', 'fd', 0, 'T11027', '2016-08-06 10:38:00'),
(11260, 'Jaipur', 'Mumbai', '2016-08-27 07:15:00', '2016-08-28 07:15:00', NULL, '', 'Aqjkd', 'test', '', 10, 11259, '2016-08-06 09:20:29', 1, 11259, '2016-08-06 10:38:04', 'fd', 0, 'T11028', '2016-08-06 10:38:04'),
(11261, 'New Delhi', 'Mumbai', '2016-08-09 21:00:00', '2016-08-09 10:25:00', NULL, '', 'SG1234', 'ASWEPO', 'After Mumbai I will travel to Pune by road, I can accept the package to Pune as well.', 10, 11246, '2016-08-05 12:11:08', 3, 11259, '2016-08-06 10:39:19', 'fd', 0, 'T11023', '2016-08-06 10:39:19'),
(11262, 'New Delhi', 'Mumbai', '2016-08-09 21:00:00', '2016-08-09 10:25:00', NULL, '', 'SG1234', 'ASWEPO', 'After Mumbai I will travel to Pune by road, I can accept the package to Pune as well.', 10, 11246, '2016-08-05 12:11:08', 1, 11259, '2016-08-06 10:45:14', 'fd', 0, 'T11023', '2016-08-06 10:45:14'),
(11263, 'New Delhi', 'Mumbai', '2016-08-09 21:00:00', '2016-08-09 10:25:00', NULL, '', 'SG1234', 'ASWEPO', 'After Mumbai I will travel to Pune by road, I can accept the package to Pune as well.', 10, 11246, '2016-08-05 12:11:08', 3, 11259, '2016-08-06 10:55:41', 'fd', 0, 'T11023', '2016-08-06 10:55:41'),
(11264, 'New Delhi', 'Mumbai', '2016-08-09 21:00:00', '2016-08-09 10:25:00', NULL, '', 'SG1234', 'ASWEPO', 'After Mumbai I will travel to Pune by road, I can accept the package to Pune as well.', 10, 11246, '2016-08-05 12:11:08', 1, 11259, '2016-08-06 10:55:52', 'fd', 0, 'T11023', '2016-08-06 10:55:52'),
(11265, 'New Delhi', 'Mumbai', '2016-08-09 21:00:00', '2016-08-09 10:25:00', NULL, '', 'SG1234', 'ASWEPO', 'After Mumbai I will travel to Pune by road, I can accept the package to Pune as well.', 10, 11246, '2016-08-05 12:11:08', 3, 11259, '2016-08-06 10:57:41', 'fd', 0, 'T11023', '2016-08-06 10:57:41'),
(11266, 'New Delhi', 'Mumbai', '2016-08-09 21:00:00', '2016-08-09 10:25:00', NULL, '', 'SG1234', 'ASWEPO', 'After Mumbai I will travel to Pune by road, I can accept the package to Pune as well.', 10, 11246, '2016-08-05 12:11:08', 1, 11259, '2016-08-06 10:57:57', 'fd', 0, 'T11023', '2016-08-06 10:57:57'),
(11267, 'New Delhi', 'Mumbai', '2016-08-09 21:00:00', '2016-08-09 10:25:00', NULL, '', 'SG1234', 'ASWEPO', 'After Mumbai I will travel to Pune by road, I can accept the package to Pune as well.', 10, 11246, '2016-08-05 12:11:08', 3, 11259, '2016-08-06 11:01:23', 'fd', 0, 'T11023', '2016-08-06 11:01:23'),
(11268, 'New Delhi', 'Mumbai', '2016-08-09 21:00:00', '2016-08-09 10:25:00', NULL, '', 'SG1234', 'ASWEPO', 'After Mumbai I will travel to Pune by road, I can accept the package to Pune as well.', 10, 11246, '2016-08-05 12:11:08', 1, 11259, '2016-08-06 11:01:31', 'fd', 0, 'T11023', '2016-08-06 11:01:31'),
(11269, 'New Delhi', 'Mumbai', '2016-08-09 21:00:00', '2016-08-09 10:25:00', NULL, '', 'SG1234', 'ASWEPO', 'After Mumbai I will travel to Pune by road, I can accept the package to Pune as well.', 10, 11246, '2016-08-05 12:11:08', 3, 11259, '2016-08-06 11:05:45', 'fd', 0, 'T11023', '2016-08-06 11:05:45'),
(11270, 'New Delhi', 'Mumbai', '2016-08-09 21:00:00', '2016-08-09 10:25:00', NULL, '', 'SG1234', 'ASWEPO', 'After Mumbai I will travel to Pune by road, I can accept the package to Pune as well.', 10, 11246, '2016-08-05 12:11:08', 1, 11259, '2016-08-06 11:05:54', 'fd', 0, 'T11023', '2016-08-06 11:05:54'),
(11271, 'New Delhi', 'Chennai', '2016-08-11 01:20:00', '2016-08-11 04:05:00', NULL, '', 'AI4594', 'ADSFREW', 'Going to Chennai', 10, 11246, '2016-08-06 03:16:25', 3, 11259, '2016-08-06 11:16:22', 'Approved', 0, 'T11024', '2016-08-06 11:16:22'),
(11272, 'New Delhi', 'Chennai', '2016-08-11 01:20:00', '2016-08-11 04:05:00', NULL, '', 'AI4594', 'ADSFREW', 'Going to Chennai', 10, 11246, '2016-08-06 03:16:25', 3, 11246, '2016-08-06 11:24:12', 'Parcel Collected', 0, 'T11024', '2016-08-06 11:24:12'),
(11273, 'New Delhi', 'Chennai', '2016-08-11 01:20:00', '2016-08-11 04:05:00', NULL, '', 'AI4594', 'ADSFREW', 'Going to Chennai', 10, 11246, '2016-08-06 03:16:25', 6, 11246, '2016-08-06 11:31:49', 'Parcel Collected', 0, 'T11024', '2016-08-06 11:31:49'),
(11274, 'New Delhi', 'Chennai', '2016-08-11 01:20:00', '2016-08-11 04:05:00', NULL, '', 'AI4594', 'ADSFREW', 'Going to Chennai', 10, 11246, '2016-08-06 03:16:25', 7, 11259, '2016-08-06 11:38:09', 'Parcel Collected', 0, 'T11024', '2016-08-06 11:38:09'),
(11275, 'Jaipur', 'Mumbai', '2016-08-20 07:05:00', '2016-08-21 07:15:00', NULL, '', 'AIjgfg', 'testreference23245', 'test comment', 10, 11259, '2016-08-07 17:43:36', 0, 11259, '0000-00-00 00:00:00', NULL, 0, NULL, '2016-08-07 15:43:36'),
(11276, 'Jaipur', 'Mumbai', '2016-08-20 07:05:00', '2016-08-21 07:15:00', NULL, '', 'AIjgfg', 'testreference23245', 'test comment', 10, 11259, '2016-08-07 17:43:36', 0, 11259, '2016-08-07 15:43:36', NULL, 0, 'T11029', '2016-08-07 15:43:36'),
(11277, 'Jaipur', 'Mumbai', '2016-08-27 07:15:00', '2016-08-28 07:15:00', NULL, '', 'Aqjkd', 'test', '', 10, 11259, '2016-08-06 09:20:29', 1, 11259, '2016-08-06 10:38:04', 'fd', 0, 'T11028', '2016-08-07 15:43:36'),
(11278, 'Jaipur', 'Mumbai', '2016-08-27 07:15:00', '2016-08-28 07:15:00', NULL, '', 'Aqjkd', 'test', '', 10, 11259, '2016-08-06 09:18:35', 1, 11259, '2016-08-06 10:38:00', 'fd', 0, 'T11027', '2016-08-07 15:43:36'),
(11279, 'Jaipur', 'Mumbai', '2016-08-27 07:15:00', '2016-08-28 07:15:00', NULL, '', 'Aqjkd', 'test', '', 10, 11259, '2016-08-06 09:18:21', 1, 11259, '2016-08-06 10:37:55', 'df', 0, 'T11026', '2016-08-07 15:43:36'),
(11280, 'Jaipur', 'Mumbai', '2016-08-18 07:05:00', '2016-08-21 07:05:00', NULL, '', 'Aqjkd', 'test', 'test desc', 10, 11259, '2016-08-06 09:17:37', 1, 11259, '2016-08-06 10:37:51', 'fd', 0, 'T11025', '2016-08-07 15:43:36'),
(11281, 'New Delhi', 'Chennai', '2016-08-11 01:20:00', '2016-08-11 04:05:00', NULL, '', 'AI4594', 'ADSFREW', 'Going to Chennai', 10, 11246, '2016-08-06 03:16:25', 7, 11259, '2016-08-06 11:38:09', 'Parcel Collected', 0, 'T11024', '2016-08-07 15:43:36'),
(11282, 'New Delhi', 'Mumbai', '2016-08-09 21:00:00', '2016-08-09 10:25:00', NULL, '', 'SG1234', 'ASWEPO', 'After Mumbai I will travel to Pune by road, I can accept the package to Pune as well.', 10, 11246, '2016-08-05 12:11:08', 1, 11259, '2016-08-06 11:05:54', 'fd', 0, 'T11023', '2016-08-07 15:43:36'),
(11283, 'Jaipur', 'New Delhi', '2016-08-09 22:35:00', '2016-08-09 23:10:00', NULL, '', 'AI2354', 'ASD213', '', 8, 71, '2016-08-05 11:57:53', 1, 71, '2016-08-06 01:18:25', 'Approved', 0, 'T11022', '2016-08-07 15:43:36'),
(11284, 'Jaipur', 'Thailand', '2016-07-23 07:05:00', '2016-07-24 04:05:00', NULL, '', 'AIhgjdghgh', '432423', 'test commennt', 10, 11259, '2016-07-23 12:31:23', 3, 11259, '2016-07-23 10:37:38', 'sd', 0, 'T11021', '2016-08-07 15:43:36'),
(11285, 'Jaipur', 'Thailand', '2016-07-27 07:15:00', '2016-07-28 06:50:00', NULL, '', 'AIhgjdghgh', '325342436246', 'test comment', 10, 11259, '2016-07-23 11:21:33', 3, 71, '2016-07-23 10:54:18', 'test comment', 0, 'T11020', '2016-08-07 15:43:36'),
(11286, 'Jaipur', 'New Delhi', '2016-08-12 07:25:00', '2016-08-12 08:20:00', NULL, '', 'AI45647', 'A78774', 'test', 10, 11280, '2016-08-09 11:28:51', 0, 11280, '0000-00-00 00:00:00', NULL, 0, NULL, '2016-08-09 09:28:51'),
(11287, 'Jaipur', 'New Delhi', '2016-08-12 07:25:00', '2016-08-12 08:20:00', NULL, '', 'AI45647', 'A78774', 'test', 10, 11280, '2016-08-09 11:28:51', 0, 11280, '2016-08-09 09:28:51', NULL, 0, 'T11030', '2016-08-09 09:28:51'),
(11288, 'Jaipur', 'Mumbai', '2016-08-20 07:05:00', '2016-08-21 07:15:00', NULL, '', 'AIjgfg', 'testreference23245', 'test comment', 10, 11259, '2016-08-07 17:43:36', 0, 11259, '2016-08-07 15:43:36', NULL, 0, 'T11029', '2016-08-09 09:28:51'),
(11289, 'Jaipur', 'Mumbai', '2016-08-27 07:15:00', '2016-08-28 07:15:00', NULL, '', 'Aqjkd', 'test', '', 10, 11259, '2016-08-06 09:20:29', 1, 11259, '2016-08-06 10:38:04', 'fd', 0, 'T11028', '2016-08-09 09:28:51'),
(11290, 'Jaipur', 'Mumbai', '2016-08-27 07:15:00', '2016-08-28 07:15:00', NULL, '', 'Aqjkd', 'test', '', 10, 11259, '2016-08-06 09:18:35', 1, 11259, '2016-08-06 10:38:00', 'fd', 0, 'T11027', '2016-08-09 09:28:51'),
(11291, 'Jaipur', 'Mumbai', '2016-08-27 07:15:00', '2016-08-28 07:15:00', NULL, '', 'Aqjkd', 'test', '', 10, 11259, '2016-08-06 09:18:21', 1, 11259, '2016-08-06 10:37:55', 'df', 0, 'T11026', '2016-08-09 09:28:51'),
(11292, 'Jaipur', 'Mumbai', '2016-08-18 07:05:00', '2016-08-21 07:05:00', NULL, '', 'Aqjkd', 'test', 'test desc', 10, 11259, '2016-08-06 09:17:37', 1, 11259, '2016-08-06 10:37:51', 'fd', 0, 'T11025', '2016-08-09 09:28:51'),
(11293, 'New Delhi', 'Chennai', '2016-08-11 01:20:00', '2016-08-11 04:05:00', NULL, '', 'AI4594', 'ADSFREW', 'Going to Chennai', 10, 11246, '2016-08-06 03:16:25', 7, 11259, '2016-08-06 11:38:09', 'Parcel Collected', 0, 'T11024', '2016-08-09 09:28:51'),
(11294, 'New Delhi', 'Mumbai', '2016-08-09 21:00:00', '2016-08-09 10:25:00', NULL, '', 'SG1234', 'ASWEPO', 'After Mumbai I will travel to Pune by road, I can accept the package to Pune as well.', 10, 11246, '2016-08-05 12:11:08', 1, 11259, '2016-08-06 11:05:54', 'fd', 0, 'T11023', '2016-08-09 09:28:51'),
(11295, 'Jaipur', 'New Delhi', '2016-08-09 22:35:00', '2016-08-09 23:10:00', NULL, '', 'AI2354', 'ASD213', '', 8, 71, '2016-08-05 11:57:53', 1, 71, '2016-08-06 01:18:25', 'Approved', 0, 'T11022', '2016-08-09 09:28:51'),
(11296, 'Jaipur', 'Thailand', '2016-07-23 07:05:00', '2016-07-24 04:05:00', NULL, '', 'AIhgjdghgh', '432423', 'test commennt', 10, 11259, '2016-07-23 12:31:23', 3, 11259, '2016-07-23 10:37:38', 'sd', 0, 'T11021', '2016-08-09 09:28:51'),
(11297, 'Jaipur', 'Mumbai', '2016-08-20 07:05:00', '2016-08-21 07:15:00', NULL, '', 'AIjgfg', 'testreference23245', 'test comment', 10, 11259, '2016-08-07 17:43:36', 1, 11259, '2016-08-09 09:39:05', 'Hi this is with reference to your trip we are pleased to approve the trip for your further transactions please do let us know in case you have any issues with the booking,', 0, 'T11029', '2016-08-09 09:39:05'),
(11298, 'Jaipur', 'New Delhi', '2016-08-12 07:25:00', '2016-08-12 08:20:00', NULL, '', 'AI45647', 'A78774', 'test', 10, 11280, '2016-08-09 11:28:51', 1, 11280, '2016-08-09 09:39:59', 'Approved the trip and welcome to MCB', 0, 'T11030', '2016-08-09 09:39:59'),
(11299, 'Jaipur', 'Mumbai', '2016-08-18 07:05:00', '2016-08-21 19:05:00', NULL, '', 'Aqjkd', 'test', 'test desc', 10, 11259, '2016-08-06 09:17:37', 0, 11259, '2016-08-09 11:42:56', 'fd', 0, 'T11025', '2016-08-09 11:42:56'),
(11300, 'Jaipur', 'Mumbai', '2016-08-18 07:05:00', '2016-08-21 19:05:00', NULL, '', 'Aqjkd', 'test', 'test desc', 10, 11259, '2016-08-06 09:17:37', 1, 11259, '2016-08-09 11:44:29', 'approved', 0, 'T11025', '2016-08-09 11:44:29'),
(11301, 'Jaipur', 'Mumbai', '2016-08-18 07:05:00', '2016-08-21 19:05:00', NULL, '', 'Aqjkd', 'test', 'test desc', 10, 11259, '2016-08-06 09:17:37', 1, 11259, '2016-08-09 11:44:29', 'approved', 0, 'T11025', '2016-08-09 11:47:09'),
(11302, 'Jaipur', 'Mumbai', '2016-08-18 07:05:00', '2016-08-21 19:05:00', NULL, '', 'Aqjkd', 'test', 'test desc', 10, 11259, '2016-08-06 09:17:37', 1, 11259, '2016-08-09 11:44:29', 'approved', 0, 'T11025', '2016-08-09 11:52:13'),
(11303, 'Jaipur', 'Mumbai', '2016-08-18 07:05:00', '2016-08-21 19:05:00', NULL, '', 'Aqjkd', 'test', 'test desc', 10, 11259, '2016-08-06 09:17:37', 1, 11259, '2016-08-09 11:44:29', 'approved', 0, 'T11025', '2016-08-09 11:52:47'),
(11304, 'Jaipur', 'Mumbai', '2016-08-18 07:05:00', '2016-08-21 19:05:00', NULL, '', 'Aqjkd', 'test', 'test desc', 10, 11259, '2016-08-06 09:17:37', 0, 11259, '2016-08-09 12:58:03', 'approved', 0, 'T11025', '2016-08-09 12:58:03'),
(11305, 'Jaipur', 'Mumbai', '2016-08-18 07:05:00', '2016-08-21 19:05:00', NULL, '', 'Aqjkd', 'test', 'test desc', 10, 11259, '2016-08-06 09:17:37', 1, 11259, '2016-08-09 12:59:13', 'test comment by admin and verification message', 0, 'T11025', '2016-08-09 12:59:13');

-- --------------------------------------------------------

--
-- Table structure for table `cms_users`
--

CREATE TABLE IF NOT EXISTS `cms_users` (
  `id` int(11) NOT NULL AUTO_INCREMENT,
  `username` varchar(100) NOT NULL,
  `password` varchar(128) NOT NULL DEFAULT '2375037784abda8f568ce1369d67b8ad',
  `name` varchar(20) NOT NULL,
  `l_name` varchar(20) NOT NULL,
  `activation_code` varchar(128) DEFAULT NULL,
  `created` datetime NOT NULL,
  `role_id` int(11) NOT NULL,
  `address` text,
  `gender` enum('Y','N') NOT NULL DEFAULT 'Y',
  `status` enum('Y','N') NOT NULL DEFAULT 'N',
  `remark` varchar(200) NOT NULL,
  `photo` varchar(100) NOT NULL,
  `phone` bigint(20) NOT NULL,
  `country_code` varchar(10) NOT NULL,
  `mobile` bigint(20) NOT NULL,
  `altr_mobile` bigint(20) NOT NULL,
  `addr1` varchar(255) NOT NULL,
  `addr2` varchar(255) NOT NULL,
  `addr3` varchar(255) NOT NULL,
  `bank_act_no` varchar(100) NOT NULL,
  `bank_act_name` varchar(100) NOT NULL,
  `bank_name` varchar(100) NOT NULL,
  `bank_ifsc` varchar(100) NOT NULL,
  `bank_swift_code` varchar(100) NOT NULL,
  `wallet` float NOT NULL,
  `CreateDate` datetime NOT NULL,
  `verificationcode` varchar(50) NOT NULL,
  `passportno` varchar(200) DEFAULT NULL,
  `UserID` varchar(50) DEFAULT NULL,
  PRIMARY KEY (`id`)
) ENGINE=InnoDB  DEFAULT CHARSET=utf8 AUTO_INCREMENT=11331 ;

--
-- Dumping data for table `cms_users`
--

INSERT INTO `cms_users` (`id`, `username`, `password`, `name`, `l_name`, `activation_code`, `created`, `role_id`, `address`, `gender`, `status`, `remark`, `photo`, `phone`, `country_code`, `mobile`, `altr_mobile`, `addr1`, `addr2`, `addr3`, `bank_act_no`, `bank_act_name`, `bank_name`, `bank_ifsc`, `bank_swift_code`, `wallet`, `CreateDate`, `verificationcode`, `passportno`, `UserID`) VALUES
(71, 'jeet_kumawat@yahoo.com', '09f59dde0952ac8fc5900238b4eca108', 'Jitendar', 'Kumar', 'Y', '2016-02-12 10:42:27', 2, NULL, 'Y', 'Y', 'for deactive', '', 0, '91', 9414432379, 445690, 'Waterfront Waves', 'Bedok Reservoir', 'Singapore', '12345678901234', 'Jitendar Kumar', 'HDFC', 'HDFC0003819', 'HDFCINBBDEL', 0, '2016-04-19 11:39:21', '', 'S234789D', 'MCB71'),
(72, 'jitenderkumar.mdic@gmail.com', '428c4714184926aa376f2d5da3b77ef9', 'Jitender ', 'kumar', 'Y', '2016-02-14 12:45:58', 2, NULL, 'Y', 'N', 'Chori Ki', '', 0, '', 8386832211, 0, '', '', '', '', '', '', '', '', 0, '2016-04-19 11:39:21', '', NULL, 'MCB72'),
(11111, 'admin@mycourierbuddy.in', 'f1414e9c6b169e1ea36b501ededfe098', 'Admin', 'aa', 'Y', '2015-11-15 11:35:25', 1, NULL, 'Y', 'Y', '', '', 0, '91', 9879879870, 303030, '', '', '', '97987897897987', 'Niranjan Pandey', 'Dena Bank', '9874', '645694', 0, '2016-04-19 11:39:21', '', 'A54165', 'MCB11111'),
(11209, 'gaurish.sharma@byteclues.com', 'f1414e9c6b169e1ea36b501ededfe098', 'Gaurish', '', 'Y', '2016-03-29 06:32:29', 2, NULL, 'Y', 'Y', '', '', 0, '', 9810557960, 0, '', '', '', '', '', '', '', '', 0, '2016-04-19 11:39:21', '', NULL, 'MCB11209'),
(11218, 'ramesh@yahoo.com', 'f1414e9c6b169e1ea36b501ededfe098', 'Ramesh', '', 'Y', '2016-04-14 04:25:06', 2, NULL, 'Y', 'Y', '', '', 0, '', 9812312313, 0, '', '', '', '', '', '', '', '', 0, '2016-04-19 11:39:21', '', NULL, 'MCB11218'),
(11246, 'kumawatjk@gmail.com', '09f59dde0952ac8fc5900238b4eca108', 'Jitendar', 'Kumar', 'Y', '2016-05-07 07:44:16', 2, NULL, 'Y', 'Y', '', '', 0, '91', 9123456789, 0, '', '', '', '', '', '', '', '', 600, '0000-00-00 00:00:00', '15037', NULL, 'MCB11246'),
(11259, 'lalit.sharma@byteclues.com', 'f1414e9c6b169e1ea36b501ededfe098', 'lalit', 'sharma', 'Y', '2016-05-17 12:23:11', 2, NULL, 'Y', 'Y', 'test remark', '', 1412595698, '91', 9509991464, 302019, 's-32 shyam', 'nagar sodala', 'jaipur', '985652226526265', 'lalit kumar', 'ICICI Bank', '1323545', '5525556', 0, '0000-00-00 00:00:00', '23547', '98563258', 'MCB11259'),
(11263, 'royal_ashu@yahoo.com', 'f1414e9c6b169e1ea36b501ededfe098', 'ashu', 'sharma', 'Y', '2016-05-19 07:05:03', 2, NULL, 'Y', 'Y', '', '', 898995, '91', 9829829445, 465494, 's-23', 'shyam nagar', 'jaipur', '', '', '', '', '', 0, '0000-00-00 00:00:00', '02869', '123456', 'MCB11263'),
(11264, 'sunil.kumar@byteclues.com', 'f1414e9c6b169e1ea36b501ededfe098', 'Sunil', 'kumar', 'Y', '2016-05-25 05:35:03', 2, NULL, 'Y', 'Y', '', '', 0, '91', 9636015564, 0, '', '', '', '', '', '', '', '', 0, '0000-00-00 00:00:00', '41269', NULL, 'MCB11264'),
(11280, 'ashu.sharma@byteclues.com', 'f1414e9c6b169e1ea36b501ededfe098', 'Ashu', '', 'Y', '2016-06-08 14:18:33', 2, NULL, 'Y', 'Y', 'Remark ..', '', 0, '', 9810462402, 0, '', '', '', '', '', '', '', '', 0, '0000-00-00 00:00:00', '91047', NULL, 'MCB11280'),
(11282, 'lalitonweb@live.com', 'f1414e9c6b169e1ea36b501ededfe098', 'lalit', '', 'Y', '2016-06-09 09:46:33', 2, NULL, 'Y', 'Y', '', '', 0, '', 7742294364, 0, '', '', '', '', '', '', '', '', 0, '0000-00-00 00:00:00', '03808', NULL, 'MCB11282'),
(11283, 'ashu.royal@gmail.com', '86f0b6b2d502990ea47c26ae1ca0e956', 'Lalit', '', NULL, '2016-06-09 12:26:06', 2, NULL, 'Y', 'Y', '', '', 0, '', 9414322985, 0, '', '', '', '', '', '', '', '', 0, '0000-00-00 00:00:00', '04459', NULL, 'MCB11283'),
(11284, 'jeetjeet@rediffmail.com', '09f59dde0952ac8fc5900238b4eca108', 'Jitendar', 'Kumar', NULL, '2016-06-16 09:15:49', 2, NULL, 'Y', 'Y', '', '', 0, '91', 6593800301, 0, 'Address line 1', 'Address line 2', 'Address line 3', '', '', '', '', '', 0, '0000-00-00 00:00:00', '45559', NULL, 'MCB11284'),
(11285, 'ashu.sharma@gmail.com', '2e1d634d81d55e7414b482ce574d1741', 'Ashu', 'Sharma', NULL, '2016-06-16 09:31:52', 2, NULL, 'Y', 'Y', '', '', 0, '91', 9999999999, 0, '', '', '', '', '', '', '', '', 0, '0000-00-00 00:00:00', '42095', '12344', 'MCB11285'),
(11311, 'kunal.palawat@yeobid.com', 'f1414e9c6b169e1ea36b501ededfe098', 'Kunal', 'Palawat', NULL, '2016-06-22 06:45:41', 2, NULL, 'Y', 'N', '', '', 0, '', 0, 0, '', '', '', '', '', '', '', '', 0, '0000-00-00 00:00:00', '69248', NULL, 'MCB11311'),
(11312, 'mrjeet@yahoo.com', '789cf36b6c583aff9064093fe7e30e8c', 'Jack', 'Dorsan', NULL, '2016-06-22 07:12:12', 2, NULL, 'Y', 'N', '', '', 0, '', 0, 0, '', '', '', '', '', '', '', '', 0, '0000-00-00 00:00:00', '66737', NULL, 'MCB11312'),
(11321, 'temp@temp.com', '96872f026d5fefe160b5636702db4c01', 'Temp', '', NULL, '2016-07-08 00:32:57', 2, NULL, 'Y', 'Y', '', '', 0, '', 9999999999, 0, '', '', '', '', '', '', '', '', 0, '0000-00-00 00:00:00', '62389', NULL, 'MCB11321'),
(11322, 'anuaashumahant@gmail.com', 'f1414e9c6b169e1ea36b501ededfe098', 'anu', 'mahant', NULL, '2016-07-08 04:27:21', 2, NULL, 'Y', 'Y', '', '', 0, '', 0, 0, '', '', '', '', '', '', '', '', 0, '0000-00-00 00:00:00', '47409', NULL, 'MCB11322'),
(11323, 'anuaanvi@yahoomail.com', '5fcd5e26cb79da4f68aea310a79a94cc', 'neeraj', '', NULL, '2016-07-08 04:40:47', 2, NULL, 'Y', 'Y', '', '', 0, '', 9815980331, 0, '', '', '', '', '', '', '', '', 0, '0000-00-00 00:00:00', '68007', NULL, 'MCB11323'),
(11324, 'aanvimahant@yahoomail.com', '4fc7acc835a7a3cc990285d23dbc61fb', 'neeraj', '', NULL, '2016-07-08 04:42:30', 2, NULL, 'Y', 'Y', '', '', 0, '', 9815980331, 0, '', '', '', '', '', '', '', '', 0, '0000-00-00 00:00:00', '13697', NULL, 'MCB11324'),
(11325, 'sharma.22lalit@gmail.com', '2fdf488a8d0e08e253c7a9122a5a5e79', 'lalit', '', NULL, '2016-07-08 23:49:55', 2, NULL, 'Y', 'Y', '', '', 0, '', 9929443983, 0, '', '', '', '', '', '', '', '', 0, '0000-00-00 00:00:00', '61055', NULL, 'MCB11325'),
(11326, 'anushree.mishra@yahoo.com', '51e81bc5e331d42eb78e922b29fc9cfa', 'Annu', '', NULL, '2016-07-09 09:51:37', 2, NULL, 'Y', 'Y', '', '', 0, '', 0, 0, '', '', '', '', '', '', '', '', 0, '0000-00-00 00:00:00', '29849', NULL, 'MCB11326'),
(11327, 'anita.kumawat@gmail.com', 'f252b86f18d030b76a82a6de6eacdeb0', 'Anita', '', NULL, '2016-07-11 07:24:12', 2, NULL, 'Y', 'Y', '', '', 0, '', 0, 0, '', '', '', '', '', '', '', '', 0, '0000-00-00 00:00:00', '04822', NULL, 'MCB11327'),
(11328, 'temp@test.com', 'fad51228b23443fec704ab316678d1e5', 'Temo', '', NULL, '2016-07-23 04:11:09', 2, NULL, 'Y', 'Y', '', '', 0, '', 8888888888, 0, '', '', '', '', '', '', '', '', 0, '0000-00-00 00:00:00', '88316', NULL, 'MCB11328'),
(11329, 'pratiwisuprayogo@yahoo.co.id', 'c6e7ffe1393b4d20257cb7ca650a6ae1', 'pratiwi', 'suprayogo', NULL, '2016-08-05 20:11:03', 2, NULL, 'Y', 'N', '', '', 0, '', 0, 0, '', '', '', '', '', '', '', '', 0, '0000-00-00 00:00:00', '79962', NULL, 'MCB11329'),
(11330, 'pratiwisuprayogo@yahoo.com', '2eea61ec5c30843d209b321f8699c394', 'kelly', 'minka', NULL, '2016-08-05 20:27:05', 2, NULL, 'Y', 'Y', '', '', 0, '', 0, 0, '', '', '', '', '', '', '', '', 0, '0000-00-00 00:00:00', '30260', NULL, 'MCB11330');

-- --------------------------------------------------------

--
-- Table structure for table `cms_walletstatement`
--

CREATE TABLE IF NOT EXISTS `cms_walletstatement` (
  `id` int(11) NOT NULL AUTO_INCREMENT,
  `comment` varchar(1000) DEFAULT NULL,
  `insertdate` datetime DEFAULT NULL,
  `amount` decimal(19,2) DEFAULT NULL,
  `credit` decimal(19,2) DEFAULT NULL,
  `debit` decimal(19,2) DEFAULT NULL,
  `userid` int(11) DEFAULT NULL,
  `parcelid` int(11) DEFAULT NULL,
  `tripid` int(11) DEFAULT NULL,
  `weight` decimal(19,2) DEFAULT NULL,
  `withdrawID` varchar(75) DEFAULT NULL,
  PRIMARY KEY (`id`),
  KEY `fk_walletstatement_usersid` (`userid`)
) ENGINE=InnoDB  DEFAULT CHARSET=latin1 AUTO_INCREMENT=118 ;

--
-- Dumping data for table `cms_walletstatement`
--

INSERT INTO `cms_walletstatement` (`id`, `comment`, `insertdate`, `amount`, `credit`, `debit`, `userid`, `parcelid`, `tripid`, `weight`, `withdrawID`) VALUES
(98, 'Refund from cancellation', '2016-08-06 04:43:47', '500.00', '500.00', '0.00', 11259, 11022, 0, '1.00', NULL),
(99, 'Used in Parcel Booking', '2016-08-06 04:46:11', '-500.00', '0.00', '500.00', 11259, 11025, 11024, '2.00', NULL),
(100, 'Refund from cancellation', '2016-08-06 05:45:15', '500.00', '500.00', '0.00', 11259, 11022, 0, '1.00', NULL),
(101, 'Used in Parcel Booking', '2016-08-06 05:53:10', '-500.00', '0.00', '500.00', 11259, 11025, 11024, '2.00', NULL),
(102, 'Refund from cancellation', '2016-08-06 05:55:52', '500.00', '500.00', '0.00', 11259, 11022, 0, '1.00', NULL),
(103, 'Used in Parcel Booking', '2016-08-06 05:56:11', '-500.00', '0.00', '500.00', 11259, 11025, 11024, '2.00', NULL),
(104, 'Refund from cancellation', '2016-08-06 05:57:57', '500.00', '500.00', '0.00', 11259, 11022, 0, '1.00', NULL),
(105, 'Used in Parcel Booking', '2016-08-06 05:58:22', '-500.00', '0.00', '500.00', 11259, 11025, 11024, '2.00', NULL),
(106, 'Refund from cancellation', '2016-08-06 06:01:32', '500.00', '500.00', '0.00', 11259, 11022, 0, '1.00', NULL),
(107, 'Used in Parcel Booking', '2016-08-06 06:01:43', '-500.00', '0.00', '500.00', 11259, 11025, 11024, '2.00', NULL),
(108, 'Refund from cancellation', '2016-08-06 06:05:54', '500.00', '500.00', '0.00', 11259, 11022, 0, '1.00', NULL),
(109, 'Used in Parcel Booking', '2016-08-06 06:06:02', '-500.00', '0.00', '500.00', 11259, 11025, 11024, '2.00', NULL),
(110, 'Used in Parcel Booking', '2016-08-06 06:07:38', '-500.00', '0.00', '500.00', 11259, 11025, 11024, '2.00', NULL),
(111, 'Used in Parcel Booking', '2016-08-06 06:09:15', '-500.00', '0.00', '500.00', 11259, 11025, 11024, '2.00', NULL),
(112, 'Used in Parcel Booking', '2016-08-06 06:10:16', '-500.00', '0.00', '500.00', 11259, 11025, 11024, '2.00', NULL),
(113, 'Used in Parcel Booking', '2016-08-06 06:11:52', '-500.00', '0.00', '500.00', 11259, 11025, 11024, '2.00', NULL),
(114, 'Used in Parcel Booking', '2016-08-06 06:12:59', '-500.00', '0.00', '500.00', 11259, 11025, 11024, '2.00', NULL),
(115, 'Used in Parcel Booking', '2016-08-06 06:15:54', '-500.00', '0.00', '500.00', 11259, 11025, 11024, '2.00', NULL),
(116, 'Used in Parcel Booking', '2016-08-06 06:16:20', '-500.00', '0.00', '500.00', 11259, 11025, 11024, '2.00', NULL),
(117, 'Earned from successfully delivery', '2016-08-06 06:38:09', '600.00', '600.00', '0.00', 11246, 11025, 11024, '2.00', NULL);

-- --------------------------------------------------------

--
-- Table structure for table `cms_weightrange`
--

CREATE TABLE IF NOT EXISTS `cms_weightrange` (
  `id` int(11) NOT NULL AUTO_INCREMENT,
  `name` varchar(500) DEFAULT NULL,
  `minweight` decimal(19,2) DEFAULT NULL,
  `maxweight` decimal(19,2) DEFAULT NULL,
  PRIMARY KEY (`id`)
) ENGINE=MyISAM  DEFAULT CHARSET=latin1 AUTO_INCREMENT=13 ;

--
-- Dumping data for table `cms_weightrange`
--

INSERT INTO `cms_weightrange` (`id`, `name`, `minweight`, `maxweight`) VALUES
(1, '0-0.6', '0.00', '0.60'),
(2, '0.61-1', '0.61', '1.00'),
(3, '1.0-2.0', '1.01', '2.00'),
(4, '2.0-3.0', '2.01', '3.00'),
(5, '3.0-4.0', '3.01', '4.00'),
(6, '4.0-5.0', '4.01', '5.00'),
(7, '5.0-6.0', '5.01', '6.00'),
(8, '6.0-7.0', '6.01', '7.00'),
(9, '7.0-8.0', '7.01', '8.00'),
(10, '8.0-9.0', '8.01', '9.00'),
(11, '9.0-10.0', '9.01', '10.00');

-- --------------------------------------------------------

--
-- Table structure for table `cms_zonelist`
--

CREATE TABLE IF NOT EXISTS `cms_zonelist` (
  `id` int(11) NOT NULL AUTO_INCREMENT,
  `Zonename` varchar(500) DEFAULT NULL,
  PRIMARY KEY (`id`)
) ENGINE=MyISAM  DEFAULT CHARSET=latin1 AUTO_INCREMENT=5 ;

--
-- Dumping data for table `cms_zonelist`
--

INSERT INTO `cms_zonelist` (`id`, `Zonename`) VALUES
(1, 'Zone 1'),
(2, 'Zone 2'),
(3, 'Zone 3'),
(4, 'Zone 4');

-- --------------------------------------------------------

--
-- Table structure for table `cms_zonepricelist`
--

CREATE TABLE IF NOT EXISTS `cms_zonepricelist` (
  `id` int(11) NOT NULL AUTO_INCREMENT,
  `fromzoneid` int(11) DEFAULT NULL,
  `tozoneid` int(11) DEFAULT NULL,
  `weightrangeid` int(11) DEFAULT NULL,
  `price` decimal(19,2) DEFAULT NULL,
  `transportershare` decimal(19,2) DEFAULT NULL,
  PRIMARY KEY (`id`),
  UNIQUE KEY `cms_zonepricelistunique_index` (`fromzoneid`,`tozoneid`,`weightrangeid`),
  KEY `tozoneid` (`tozoneid`),
  KEY `weightrangeid` (`weightrangeid`)
) ENGINE=MyISAM  DEFAULT CHARSET=latin1 AUTO_INCREMENT=178 ;

--
-- Dumping data for table `cms_zonepricelist`
--

INSERT INTO `cms_zonepricelist` (`id`, `fromzoneid`, `tozoneid`, `weightrangeid`, `price`, `transportershare`) VALUES
(2, 1, 1, 1, '250.00', '200.00'),
(3, 1, 1, 2, '500.00', '400.00'),
(4, 1, 1, 3, '750.00', '600.00'),
(5, 1, 1, 4, '1000.00', '800.00'),
(6, 1, 1, 5, '1250.00', '1000.00'),
(7, 1, 1, 6, '1500.00', '1200.00'),
(8, 1, 1, 7, '1750.00', '1400.00'),
(9, 1, 1, 8, '2000.00', '1600.00'),
(10, 1, 1, 9, '2250.00', '1850.00'),
(11, 1, 1, 10, '2500.00', '2000.00'),
(12, 1, 1, 11, '2750.00', '2200.00'),
(13, 2, 1, 1, '10.00', '9.00'),
(14, 2, 1, 2, '20.00', '18.00'),
(15, 2, 1, 3, '30.00', '27.00'),
(16, 2, 1, 4, '40.00', '36.00'),
(17, 2, 1, 5, '50.00', '45.00'),
(18, 2, 1, 6, '60.00', '54.00'),
(19, 2, 1, 7, '70.00', '63.00'),
(20, 2, 1, 8, '80.00', '72.00'),
(21, 2, 1, 9, '90.00', '81.00'),
(22, 2, 1, 10, '100.00', '90.00'),
(23, 2, 1, 11, '110.00', '99.00'),
(24, 3, 1, 1, '90.00', '81.00'),
(25, 3, 1, 2, '100.00', '90.00'),
(26, 3, 1, 3, '50.00', '45.00'),
(27, 3, 1, 4, '80.00', '72.00'),
(28, 3, 1, 5, '70.00', '63.00'),
(29, 3, 1, 6, '60.00', '54.00'),
(30, 3, 1, 7, '50.00', '45.00'),
(31, 3, 1, 8, '40.00', '36.00'),
(32, 3, 1, 9, '30.00', '27.00'),
(33, 3, 1, 10, '20.00', '18.00'),
(34, 3, 1, 11, '10.00', '9.00'),
(35, 4, 1, 1, '10.00', '9.00'),
(36, 4, 1, 2, '20.00', '18.00'),
(37, 4, 1, 3, '50.00', '45.00'),
(38, 4, 1, 4, '80.00', '72.00'),
(39, 4, 1, 5, '50.00', '45.00'),
(40, 4, 1, 6, '50.00', '45.00'),
(41, 4, 1, 7, '410.00', '369.00'),
(42, 4, 1, 8, '630.00', '567.00'),
(43, 4, 1, 9, '550.00', '495.00'),
(44, 4, 1, 10, '5808.00', '5227.20'),
(45, 4, 1, 11, '45.00', '40.50'),
(46, 4, 2, 1, '80.00', '72.00'),
(47, 4, 2, 2, '90.00', '81.00'),
(48, 4, 2, 3, '60.00', '54.00'),
(49, 4, 2, 4, '10.00', '9.00'),
(50, 4, 2, 5, '50.00', '45.00'),
(51, 4, 2, 6, '66.00', '59.40'),
(52, 4, 2, 7, '56.00', '50.40'),
(53, 4, 2, 8, '59.00', '53.10'),
(54, 4, 2, 9, '59.00', '53.10'),
(55, 4, 2, 10, '56.00', '50.40'),
(56, 4, 2, 11, '54.00', '48.60'),
(57, 4, 3, 1, '10.00', '9.00'),
(58, 4, 3, 2, '50.00', '45.00'),
(59, 4, 3, 3, '80.00', '72.00'),
(60, 4, 3, 4, '851.00', '765.90'),
(61, 4, 3, 5, '56.00', '50.40'),
(62, 4, 3, 6, '56.00', '50.40'),
(63, 4, 3, 7, '56.00', '50.40'),
(64, 4, 3, 8, '6569.00', '5912.10'),
(65, 4, 3, 9, '5965.00', '5368.50'),
(66, 4, 3, 10, '589.00', '530.10'),
(67, 4, 3, 11, '589.00', '530.10'),
(68, 1, 2, 1, '90.00', '81.00'),
(69, 1, 2, 2, '50.00', '45.00'),
(70, 1, 2, 3, '5465.00', '4918.50'),
(71, 1, 2, 4, '565.00', '508.50'),
(72, 1, 2, 5, '56.00', '50.40'),
(73, 1, 2, 6, '555.00', '499.50'),
(74, 1, 2, 7, '85.00', '76.50'),
(75, 1, 2, 8, '985.00', '886.50'),
(76, 1, 2, 9, '989.00', '890.10'),
(77, 1, 2, 10, '89.00', '80.10'),
(78, 1, 2, 11, '89.00', '80.10'),
(79, 1, 3, 1, '80.00', '72.00'),
(80, 1, 3, 2, '40.00', '36.00'),
(81, 1, 3, 3, '50.00', '45.00'),
(82, 1, 3, 4, '60.00', '54.00'),
(83, 1, 3, 5, '605.00', '544.50'),
(84, 1, 3, 6, '50.00', '45.00'),
(85, 1, 3, 7, '505.00', '454.50'),
(86, 1, 3, 8, '58.00', '52.20'),
(87, 1, 3, 9, '59.00', '53.10'),
(88, 1, 3, 10, '859.00', '773.10'),
(89, 1, 3, 11, '89.00', '80.10'),
(90, 1, 4, 1, '41.00', '36.90'),
(91, 1, 4, 2, '45.00', '40.50'),
(92, 1, 4, 3, '4854.00', '4368.60'),
(93, 1, 4, 4, '4854.00', '4368.60'),
(94, 1, 4, 5, '45.00', '40.50'),
(95, 1, 4, 6, '454.00', '408.60'),
(96, 1, 4, 7, '445.00', '400.50'),
(97, 1, 4, 8, '44.00', '39.60'),
(98, 1, 4, 9, '45.00', '40.50'),
(99, 1, 4, 10, '445.00', '400.50'),
(100, 1, 4, 11, '4.00', '3.60'),
(101, 2, 2, 1, '11.00', '9.90'),
(102, 2, 2, 2, '55.00', '49.50'),
(103, 2, 2, 3, '556.00', '500.40'),
(104, 2, 2, 4, '56.00', '50.40'),
(105, 2, 2, 5, '59.00', '53.10'),
(106, 2, 2, 6, '49.00', '44.10'),
(107, 2, 2, 7, '484.00', '435.60'),
(108, 2, 2, 8, '484.00', '435.60'),
(109, 2, 2, 9, '48.00', '43.20'),
(110, 2, 2, 10, '44.00', '39.60'),
(111, 2, 2, 11, '48.00', '43.20'),
(112, 2, 3, 1, '89.00', '80.10'),
(113, 2, 3, 2, '56.00', '50.40'),
(114, 2, 3, 3, '52.00', '46.80'),
(115, 2, 3, 4, '6526.00', '5873.40'),
(116, 2, 3, 5, '4154.00', '3738.60'),
(117, 2, 3, 6, '4154.00', '3738.60'),
(118, 2, 3, 7, '45.00', '40.50'),
(119, 2, 3, 8, '45.00', '40.50'),
(120, 2, 3, 9, '445.00', '400.50'),
(121, 2, 3, 10, '45.00', '40.50'),
(122, 2, 3, 11, '4.00', '3.60'),
(123, 2, 4, 1, '90.00', '81.00'),
(124, 2, 4, 2, '50.00', '45.00'),
(125, 2, 4, 3, '90.00', '81.00'),
(126, 2, 4, 4, '55.00', '49.50'),
(127, 2, 4, 5, '565.00', '508.50'),
(128, 2, 4, 6, '565.00', '508.50'),
(129, 2, 4, 7, '565.00', '508.50'),
(130, 2, 4, 8, '595.00', '535.50'),
(131, 2, 4, 9, '54.00', '48.60'),
(132, 2, 4, 10, '45.00', '40.50'),
(133, 2, 4, 11, '4.00', '3.60'),
(134, 3, 2, 1, '90.00', '81.00'),
(135, 3, 2, 2, '50.00', '45.00'),
(136, 3, 2, 3, '4065.00', '3658.50'),
(137, 3, 2, 4, '605.00', '544.50'),
(138, 3, 2, 5, '5058.00', '4552.20'),
(139, 3, 2, 6, '5265.00', '4738.50'),
(140, 3, 2, 7, '585.00', '526.50'),
(141, 3, 2, 8, '5985.00', '5386.50'),
(142, 3, 2, 9, '595.00', '535.50'),
(143, 3, 2, 10, '5985.00', '5386.50'),
(144, 3, 2, 11, '5685.00', '5116.50'),
(145, 3, 3, 1, '90.00', '81.00'),
(146, 3, 3, 2, '565.00', '508.50'),
(147, 3, 3, 3, '5056.00', '4550.40'),
(148, 3, 3, 4, '56.00', '50.40'),
(149, 3, 3, 5, '55.00', '49.50'),
(150, 3, 3, 6, '655.00', '589.50'),
(151, 3, 3, 7, '898.00', '808.20'),
(152, 3, 3, 8, '448.00', '403.20'),
(153, 3, 3, 9, '484.00', '435.60'),
(154, 3, 3, 10, '458.00', '412.20'),
(155, 3, 3, 11, '548.00', '493.20'),
(156, 3, 4, 1, '98.00', '88.20'),
(157, 3, 4, 2, '565.00', '508.50'),
(158, 3, 4, 3, '445.00', '400.50'),
(159, 3, 4, 4, '45.00', '40.50'),
(160, 3, 4, 5, '898.00', '808.20'),
(161, 3, 4, 6, '565.00', '508.50'),
(162, 3, 4, 7, '525.00', '472.50'),
(163, 3, 4, 8, '6.00', '5.40'),
(164, 3, 4, 9, '56.00', '50.40'),
(165, 3, 4, 10, '56.00', '50.40'),
(166, 3, 4, 11, '44.00', '39.60'),
(167, 4, 4, 1, '8598.00', '7738.20'),
(168, 4, 4, 2, '8.00', '7.20'),
(169, 4, 4, 3, '879.00', '791.10'),
(170, 4, 4, 4, '79.00', '71.10'),
(171, 4, 4, 5, '79.00', '71.10'),
(172, 4, 4, 6, '644.00', '579.60'),
(173, 4, 4, 7, '454.00', '408.60'),
(174, 4, 4, 8, '4545.00', '4090.50'),
(175, 4, 4, 9, '4545.00', '4090.50'),
(176, 4, 4, 10, '4456.00', '4010.40'),
(177, 4, 4, 11, '445.00', '400.50');

-- --------------------------------------------------------

--
-- Table structure for table `cms_zones`
--

CREATE TABLE IF NOT EXISTS `cms_zones` (
  `id` int(11) NOT NULL AUTO_INCREMENT,
  `zone` varchar(20) NOT NULL,
  `weight` int(11) NOT NULL,
  `price` float NOT NULL,
  `status` enum('Y','N') NOT NULL DEFAULT 'Y',
  `created` timestamp NOT NULL DEFAULT CURRENT_TIMESTAMP ON UPDATE CURRENT_TIMESTAMP,
  PRIMARY KEY (`id`)
) ENGINE=InnoDB  DEFAULT CHARSET=latin1 AUTO_INCREMENT=36 ;

--
-- Dumping data for table `cms_zones`
--

INSERT INTO `cms_zones` (`id`, `zone`, `weight`, `price`, `status`, `created`) VALUES
(1, 'A', 1, 23, 'Y', '2015-10-21 10:31:43'),
(2, 'A', 2, 23, 'Y', '2015-10-21 10:34:09'),
(3, 'A', 5, 23, 'Y', '2015-10-21 10:34:17'),
(4, 'A', 10, 38, 'Y', '2015-10-21 10:34:39'),
(5, 'A', 15, 48, 'Y', '2015-10-21 10:34:50'),
(6, 'A', 20, 58, 'Y', '2015-10-21 10:35:01'),
(7, 'A', 30, 78, 'Y', '2015-10-21 10:35:14'),
(8, 'B', 1, 23, 'Y', '2015-10-21 10:35:41'),
(9, 'B', 2, 23, 'Y', '2015-10-21 10:35:49'),
(10, 'B', 5, 23, 'Y', '2015-10-21 10:36:03'),
(11, 'B', 10, 48, 'Y', '2015-10-21 10:36:20'),
(12, 'B', 15, 68, 'Y', '2015-10-21 10:39:30'),
(13, 'B', 20, 83, 'Y', '2015-10-21 10:39:43'),
(14, 'B', 30, 107, 'Y', '2015-10-21 10:40:05'),
(15, 'C', 1, 50, 'Y', '2015-10-21 10:40:52'),
(16, 'C', 2, 50, 'Y', '2015-10-21 10:41:01'),
(17, 'C', 5, 50, 'Y', '2015-10-21 10:41:19'),
(18, 'C', 10, 80, 'Y', '2015-10-21 10:41:38'),
(19, 'C', 15, 109, 'Y', '2015-10-21 10:41:54'),
(20, 'C', 20, 129, 'Y', '2015-10-21 10:42:16'),
(21, 'C', 30, 169, 'Y', '2015-10-21 10:42:29'),
(22, 'D', 1, 60, 'Y', '2015-10-21 10:43:11'),
(23, 'D', 2, 80, 'Y', '2015-10-21 10:43:23'),
(24, 'D', 5, 80, 'Y', '2015-10-21 10:43:33'),
(25, 'D', 10, 129, 'Y', '2015-10-21 10:43:49'),
(26, 'D', 15, 163, 'Y', '2015-10-21 10:44:09'),
(27, 'D', 20, 193, 'Y', '2015-10-21 10:44:18'),
(28, 'D', 30, 253, 'Y', '2015-10-21 10:44:34'),
(29, 'E', 1, 82, 'Y', '2015-10-21 10:45:11'),
(30, 'E', 2, 82, 'Y', '2015-10-21 10:45:21'),
(31, 'E', 5, 82, 'Y', '2015-10-21 10:45:31'),
(32, 'E', 10, 152, 'Y', '2015-10-21 10:45:46'),
(33, 'E', 15, 217, 'Y', '2015-10-21 10:46:10'),
(34, 'E', 20, 282, 'Y', '2015-10-21 10:46:19'),
(35, 'E', 30, 412, 'Y', '2015-10-21 10:46:32');

--
-- Constraints for dumped tables
--

--
-- Constraints for table `cms_walletstatement`
--
ALTER TABLE `cms_walletstatement`
  ADD CONSTRAINT `fk_walletstatement_usersid` FOREIGN KEY (`userid`) REFERENCES `cms_users` (`id`);

/*!40101 SET CHARACTER_SET_CLIENT=@OLD_CHARACTER_SET_CLIENT */;
/*!40101 SET CHARACTER_SET_RESULTS=@OLD_CHARACTER_SET_RESULTS */;
/*!40101 SET COLLATION_CONNECTION=@OLD_COLLATION_CONNECTION */;
